1Aa1,1.3,200,100,0.665,1,0.6,20
2Aa1,1.8,200,100,0.665,1,0.6,20
3Aa1,3.4,200,100,0.665,1,0.6,20
1Ba1,1.3,300,100,0.665,1,0.6,20
2Ba1,1.8,300,100,0.665,1,0.6,20
3Ba1,3.4,300,100,0.665,1,0.6,20
1Ca1,1.3,400,100,0.665,1,0.6,20
2Ca1,1.8,400,100,0.665,1,0.6,20
3Ca1,3.4,400,100,0.665,1,0.6,20
1Da1,1.3,200,200,0.665,1,0.6,20
2Da1,1.8,200,200,0.665,1,0.6,20
3Da1,3.4,200,200,0.665,1,0.6,20
1Ea1,1.3,300,200,0.665,1,0.6,20
2Ea1,1.8,300,200,0.665,1,0.6,20
3Ea1,3.4,300,200,0.665,1,0.6,20
1Fa1,1.3,400,200,0.665,1,0.6,20
2Fa1,1.8,400,200,0.665,1,0.6,20
3Fa1,3.4,400,200,0.665,1,0.6,20
1Ga1,1.3,200,300,0.665,1,0.6,20
2Ga1,1.8,200,300,0.665,1,0.6,20
3Ga1,3.4,200,300,0.665,1,0.6,20
1Ha1,1.3,300,300,0.665,1,0.6,20
2Ha1,1.8,300,300,0.665,1,0.6,20
3Ha1,3.4,300,300,0.665,1,0.6,20
1Ia1,1.3,400,300,0.665,1,0.6,20
2Ia1,1.8,400,300,0.665,1,0.6,20
3Ia1,3.4,400,300,0.665,1,0.6,20
1Ja1,1.3,200,100,0.9,1,0.6,20
2Ja1,1.8,200,100,0.9,1,0.6,20
3Ja1,3.4,200,100,0.9,1,0.6,20
1Ka1,1.3,300,100,0.9,1,0.6,20
2Ka1,1.8,300,100,0.9,1,0.6,20
3Ka1,3.4,300,100,0.9,1,0.6,20
1La1,1.3,400,100,0.9,1,0.6,20
2La1,1.8,400,100,0.9,1,0.6,20
3La1,3.4,400,100,0.9,1,0.6,20
1Ma1,1.3,200,200,0.9,1,0.6,20
2Ma1,1.8,200,200,0.9,1,0.6,20
3Ma1,3.4,200,200,0.9,1,0.6,20
1Na1,1.3,300,200,0.9,1,0.6,20
2Na1,1.8,300,200,0.9,1,0.6,20
3Na1,3.4,300,200,0.9,1,0.6,20
1Oa1,1.3,400,200,0.9,1,0.6,20
2Oa1,1.8,400,200,0.9,1,0.6,20
3Oa1,3.4,400,200,0.9,1,0.6,20
1Pa1,1.3,200,300,0.9,1,0.6,20
2Pa1,1.8,200,300,0.9,1,0.6,20
3Pa1,3.4,200,300,0.9,1,0.6,20
1Qa1,1.3,300,300,0.9,1,0.6,20
2Qa1,1.8,300,300,0.9,1,0.6,20
3Qa1,3.4,300,300,0.9,1,0.6,20
1Ra1,1.3,400,300,0.9,1,0.6,20
2Ra1,1.8,400,300,0.9,1,0.6,20
3Ra1,3.4,400,300,0.9,1,0.6,20
1Sa1,1.3,200,100,1.2,1,0.6,20
2Sa1,1.8,200,100,1.2,1,0.6,20
3Sa1,3.4,200,100,1.2,1,0.6,20
1Ta1,1.3,300,100,1.2,1,0.6,20
2Ta1,1.8,300,100,1.2,1,0.6,20
3Ta1,3.4,300,100,1.2,1,0.6,20
1Ua1,1.3,400,100,1.2,1,0.6,20
2Ua1,1.8,400,100,1.2,1,0.6,20
3Ua1,3.4,400,100,1.2,1,0.6,20
1Va1,1.3,200,200,1.2,1,0.6,20
2Va1,1.8,200,200,1.2,1,0.6,20
3Va1,3.4,200,200,1.2,1,0.6,20
1Wa1,1.3,300,200,1.2,1,0.6,20
2Wa1,1.8,300,200,1.2,1,0.6,20
3Wa1,3.4,300,200,1.2,1,0.6,20
1Xa1,1.3,400,200,1.2,1,0.6,20
2Xa1,1.8,400,200,1.2,1,0.6,20
3Xa1,3.4,400,200,1.2,1,0.6,20
1Ya1,1.3,200,300,1.2,1,0.6,20
2Ya1,1.8,200,300,1.2,1,0.6,20
3Ya1,3.4,200,300,1.2,1,0.6,20
1Za1,1.3,300,300,1.2,1,0.6,20
2Za1,1.8,300,300,1.2,1,0.6,20
3Za1,3.4,300,300,1.2,1,0.6,20
1AAa1,1.3,400,300,1.2,1,0.6,20
2AAa1,1.8,400,300,1.2,1,0.6,20
3AAa1,3.4,400,300,1.2,1,0.6,20
1Ab1,1.3,200,100,0.665,2,0.6,20
2Ab1,1.8,200,100,0.665,2,0.6,20
3Ab1,3.4,200,100,0.665,2,0.6,20
1Bb1,1.3,300,100,0.665,2,0.6,20
2Bb1,1.8,300,100,0.665,2,0.6,20
3Bb1,3.4,300,100,0.665,2,0.6,20
1Cb1,1.3,400,100,0.665,2,0.6,20
2Cb1,1.8,400,100,0.665,2,0.6,20
3Cb1,3.4,400,100,0.665,2,0.6,20
1Db1,1.3,200,200,0.665,2,0.6,20
2Db1,1.8,200,200,0.665,2,0.6,20
3Db1,3.4,200,200,0.665,2,0.6,20
1Eb1,1.3,300,200,0.665,2,0.6,20
2Eb1,1.8,300,200,0.665,2,0.6,20
3Eb1,3.4,300,200,0.665,2,0.6,20
1Fb1,1.3,400,200,0.665,2,0.6,20
2Fb1,1.8,400,200,0.665,2,0.6,20
3Fb1,3.4,400,200,0.665,2,0.6,20
1Gb1,1.3,200,300,0.665,2,0.6,20
2Gb1,1.8,200,300,0.665,2,0.6,20
3Gb1,3.4,200,300,0.665,2,0.6,20
1Hb1,1.3,300,300,0.665,2,0.6,20
2Hb1,1.8,300,300,0.665,2,0.6,20
3Hb1,3.4,300,300,0.665,2,0.6,20
1Ib1,1.3,400,300,0.665,2,0.6,20
2Ib1,1.8,400,300,0.665,2,0.6,20
3Ib1,3.4,400,300,0.665,2,0.6,20
1Jb1,1.3,200,100,0.9,2,0.6,20
2Jb1,1.8,200,100,0.9,2,0.6,20
3Jb1,3.4,200,100,0.9,2,0.6,20
1Kb1,1.3,300,100,0.9,2,0.6,20
2Kb1,1.8,300,100,0.9,2,0.6,20
3Kb1,3.4,300,100,0.9,2,0.6,20
1Lb1,1.3,400,100,0.9,2,0.6,20
2Lb1,1.8,400,100,0.9,2,0.6,20
3Lb1,3.4,400,100,0.9,2,0.6,20
1Mb1,1.3,200,200,0.9,2,0.6,20
2Mb1,1.8,200,200,0.9,2,0.6,20
3Mb1,3.4,200,200,0.9,2,0.6,20
1Nb1,1.3,300,200,0.9,2,0.6,20
2Nb1,1.8,300,200,0.9,2,0.6,20
3Nb1,3.4,300,200,0.9,2,0.6,20
1Ob1,1.3,400,200,0.9,2,0.6,20
2Ob1,1.8,400,200,0.9,2,0.6,20
3Ob1,3.4,400,200,0.9,2,0.6,20
1Pb1,1.3,200,300,0.9,2,0.6,20
2Pb1,1.8,200,300,0.9,2,0.6,20
3Pb1,3.4,200,300,0.9,2,0.6,20
1Qb1,1.3,300,300,0.9,2,0.6,20
2Qb1,1.8,300,300,0.9,2,0.6,20
3Qb1,3.4,300,300,0.9,2,0.6,20
1Rb1,1.3,400,300,0.9,2,0.6,20
2Rb1,1.8,400,300,0.9,2,0.6,20
3Rb1,3.4,400,300,0.9,2,0.6,20
1Sb1,1.3,200,100,1.2,2,0.6,20
2Sb1,1.8,200,100,1.2,2,0.6,20
3Sb1,3.4,200,100,1.2,2,0.6,20
1Tb1,1.3,300,100,1.2,2,0.6,20
2Tb1,1.8,300,100,1.2,2,0.6,20
3Tb1,3.4,300,100,1.2,2,0.6,20
1Ub1,1.3,400,100,1.2,2,0.6,20
2Ub1,1.8,400,100,1.2,2,0.6,20
3Ub1,3.4,400,100,1.2,2,0.6,20
1Vb1,1.3,200,200,1.2,2,0.6,20
2Vb1,1.8,200,200,1.2,2,0.6,20
3Vb1,3.4,200,200,1.2,2,0.6,20
1Wb1,1.3,300,200,1.2,2,0.6,20
2Wb1,1.8,300,200,1.2,2,0.6,20
3Wb1,3.4,300,200,1.2,2,0.6,20
1Xb1,1.3,400,200,1.2,2,0.6,20
2Xb1,1.8,400,200,1.2,2,0.6,20
3Xb1,3.4,400,200,1.2,2,0.6,20
1Yb1,1.3,200,300,1.2,2,0.6,20
2Yb1,1.8,200,300,1.2,2,0.6,20
3Yb1,3.4,200,300,1.2,2,0.6,20
1Zb1,1.3,300,300,1.2,2,0.6,20
2Zb1,1.8,300,300,1.2,2,0.6,20
3Zb1,3.4,300,300,1.2,2,0.6,20
1AAb1,1.3,400,300,1.2,2,0.6,20
2AAb1,1.8,400,300,1.2,2,0.6,20
3AAb1,3.4,400,300,1.2,2,0.6,20
1Ac1,1.3,200,100,0.665,3,0.6,20
2Ac1,1.8,200,100,0.665,3,0.6,20
3Ac1,3.4,200,100,0.665,3,0.6,20
1Bc1,1.3,300,100,0.665,3,0.6,20
2Bc1,1.8,300,100,0.665,3,0.6,20
3Bc1,3.4,300,100,0.665,3,0.6,20
1Cc1,1.3,400,100,0.665,3,0.6,20
2Cc1,1.8,400,100,0.665,3,0.6,20
3Cc1,3.4,400,100,0.665,3,0.6,20
1Dc1,1.3,200,200,0.665,3,0.6,20
2Dc1,1.8,200,200,0.665,3,0.6,20
3Dc1,3.4,200,200,0.665,3,0.6,20
1Ec1,1.3,300,200,0.665,3,0.6,20
2Ec1,1.8,300,200,0.665,3,0.6,20
3Ec1,3.4,300,200,0.665,3,0.6,20
1Fc1,1.3,400,200,0.665,3,0.6,20
2Fc1,1.8,400,200,0.665,3,0.6,20
3Fc1,3.4,400,200,0.665,3,0.6,20
1Gc1,1.3,200,300,0.665,3,0.6,20
2Gc1,1.8,200,300,0.665,3,0.6,20
3Gc1,3.4,200,300,0.665,3,0.6,20
1Hc1,1.3,300,300,0.665,3,0.6,20
2Hc1,1.8,300,300,0.665,3,0.6,20
3Hc1,3.4,300,300,0.665,3,0.6,20
1Ic1,1.3,400,300,0.665,3,0.6,20
2Ic1,1.8,400,300,0.665,3,0.6,20
3Ic1,3.4,400,300,0.665,3,0.6,20
1Jc1,1.3,200,100,0.9,3,0.6,20
2Jc1,1.8,200,100,0.9,3,0.6,20
3Jc1,3.4,200,100,0.9,3,0.6,20
1Kc1,1.3,300,100,0.9,3,0.6,20
2Kc1,1.8,300,100,0.9,3,0.6,20
3Kc1,3.4,300,100,0.9,3,0.6,20
1Lc1,1.3,400,100,0.9,3,0.6,20
2Lc1,1.8,400,100,0.9,3,0.6,20
3Lc1,3.4,400,100,0.9,3,0.6,20
1Mc1,1.3,200,200,0.9,3,0.6,20
2Mc1,1.8,200,200,0.9,3,0.6,20
3Mc1,3.4,200,200,0.9,3,0.6,20
1Nc1,1.3,300,200,0.9,3,0.6,20
2Nc1,1.8,300,200,0.9,3,0.6,20
3Nc1,3.4,300,200,0.9,3,0.6,20
1Oc1,1.3,400,200,0.9,3,0.6,20
2Oc1,1.8,400,200,0.9,3,0.6,20
3Oc1,3.4,400,200,0.9,3,0.6,20
1Pc1,1.3,200,300,0.9,3,0.6,20
2Pc1,1.8,200,300,0.9,3,0.6,20
3Pc1,3.4,200,300,0.9,3,0.6,20
1Qc1,1.3,300,300,0.9,3,0.6,20
2Qc1,1.8,300,300,0.9,3,0.6,20
3Qc1,3.4,300,300,0.9,3,0.6,20
1Rc1,1.3,400,300,0.9,3,0.6,20
2Rc1,1.8,400,300,0.9,3,0.6,20
3Rc1,3.4,400,300,0.9,3,0.6,20
1Sc1,1.3,200,100,1.2,3,0.6,20
2Sc1,1.8,200,100,1.2,3,0.6,20
3Sc1,3.4,200,100,1.2,3,0.6,20
1Tc1,1.3,300,100,1.2,3,0.6,20
2Tc1,1.8,300,100,1.2,3,0.6,20
3Tc1,3.4,300,100,1.2,3,0.6,20
1Uc1,1.3,400,100,1.2,3,0.6,20
2Uc1,1.8,400,100,1.2,3,0.6,20
3Uc1,3.4,400,100,1.2,3,0.6,20
1Vc1,1.3,200,200,1.2,3,0.6,20
2Vc1,1.8,200,200,1.2,3,0.6,20
3Vc1,3.4,200,200,1.2,3,0.6,20
1Wc1,1.3,300,200,1.2,3,0.6,20
2Wc1,1.8,300,200,1.2,3,0.6,20
3Wc1,3.4,300,200,1.2,3,0.6,20
1Xc1,1.3,400,200,1.2,3,0.6,20
2Xc1,1.8,400,200,1.2,3,0.6,20
3Xc1,3.4,400,200,1.2,3,0.6,20
1Yc1,1.3,200,300,1.2,3,0.6,20
2Yc1,1.8,200,300,1.2,3,0.6,20
3Yc1,3.4,200,300,1.2,3,0.6,20
1Zc1,1.3,300,300,1.2,3,0.6,20
2Zc1,1.8,300,300,1.2,3,0.6,20
3Zc1,3.4,300,300,1.2,3,0.6,20
1AAc1,1.3,400,300,1.2,3,0.6,20
2AAc1,1.8,400,300,1.2,3,0.6,20
3AAc1,3.4,400,300,1.2,3,0.6,20
1Ad1,1.3,200,100,0.665,1,1,20
2Ad1,1.8,200,100,0.665,1,1,20
3Ad1,3.4,200,100,0.665,1,1,20
1Bd1,1.3,300,100,0.665,1,1,20
2Bd1,1.8,300,100,0.665,1,1,20
3Bd1,3.4,300,100,0.665,1,1,20
1Cd1,1.3,400,100,0.665,1,1,20
2Cd1,1.8,400,100,0.665,1,1,20
3Cd1,3.4,400,100,0.665,1,1,20
1Dd1,1.3,200,200,0.665,1,1,20
2Dd1,1.8,200,200,0.665,1,1,20
3Dd1,3.4,200,200,0.665,1,1,20
1Ed1,1.3,300,200,0.665,1,1,20
2Ed1,1.8,300,200,0.665,1,1,20
3Ed1,3.4,300,200,0.665,1,1,20
1Fd1,1.3,400,200,0.665,1,1,20
2Fd1,1.8,400,200,0.665,1,1,20
3Fd1,3.4,400,200,0.665,1,1,20
1Gd1,1.3,200,300,0.665,1,1,20
2Gd1,1.8,200,300,0.665,1,1,20
3Gd1,3.4,200,300,0.665,1,1,20
1Hd1,1.3,300,300,0.665,1,1,20
2Hd1,1.8,300,300,0.665,1,1,20
3Hd1,3.4,300,300,0.665,1,1,20
1Id1,1.3,400,300,0.665,1,1,20
2Id1,1.8,400,300,0.665,1,1,20
3Id1,3.4,400,300,0.665,1,1,20
1Jd1,1.3,200,100,0.9,1,1,20
2Jd1,1.8,200,100,0.9,1,1,20
3Jd1,3.4,200,100,0.9,1,1,20
1Kd1,1.3,300,100,0.9,1,1,20
2Kd1,1.8,300,100,0.9,1,1,20
3Kd1,3.4,300,100,0.9,1,1,20
1Ld1,1.3,400,100,0.9,1,1,20
2Ld1,1.8,400,100,0.9,1,1,20
3Ld1,3.4,400,100,0.9,1,1,20
1Md1,1.3,200,200,0.9,1,1,20
2Md1,1.8,200,200,0.9,1,1,20
3Md1,3.4,200,200,0.9,1,1,20
1Nd1,1.3,300,200,0.9,1,1,20
2Nd1,1.8,300,200,0.9,1,1,20
3Nd1,3.4,300,200,0.9,1,1,20
1Od1,1.3,400,200,0.9,1,1,20
2Od1,1.8,400,200,0.9,1,1,20
3Od1,3.4,400,200,0.9,1,1,20
1Pd1,1.3,200,300,0.9,1,1,20
2Pd1,1.8,200,300,0.9,1,1,20
3Pd1,3.4,200,300,0.9,1,1,20
1Qd1,1.3,300,300,0.9,1,1,20
2Qd1,1.8,300,300,0.9,1,1,20
3Qd1,3.4,300,300,0.9,1,1,20
1Rd1,1.3,400,300,0.9,1,1,20
2Rd1,1.8,400,300,0.9,1,1,20
3Rd1,3.4,400,300,0.9,1,1,20
1Sd1,1.3,200,100,1.2,1,1,20
2Sd1,1.8,200,100,1.2,1,1,20
3Sd1,3.4,200,100,1.2,1,1,20
1Td1,1.3,300,100,1.2,1,1,20
2Td1,1.8,300,100,1.2,1,1,20
3Td1,3.4,300,100,1.2,1,1,20
1Ud1,1.3,400,100,1.2,1,1,20
2Ud1,1.8,400,100,1.2,1,1,20
3Ud1,3.4,400,100,1.2,1,1,20
1Vd1,1.3,200,200,1.2,1,1,20
2Vd1,1.8,200,200,1.2,1,1,20
3Vd1,3.4,200,200,1.2,1,1,20
1Wd1,1.3,300,200,1.2,1,1,20
2Wd1,1.8,300,200,1.2,1,1,20
3Wd1,3.4,300,200,1.2,1,1,20
1Xd1,1.3,400,200,1.2,1,1,20
2Xd1,1.8,400,200,1.2,1,1,20
3Xd1,3.4,400,200,1.2,1,1,20
1Yd1,1.3,200,300,1.2,1,1,20
2Yd1,1.8,200,300,1.2,1,1,20
3Yd1,3.4,200,300,1.2,1,1,20
1Zd1,1.3,300,300,1.2,1,1,20
2Zd1,1.8,300,300,1.2,1,1,20
3Zd1,3.4,300,300,1.2,1,1,20
1AAd1,1.3,400,300,1.2,1,1,20
2AAd1,1.8,400,300,1.2,1,1,20
3AAd1,3.4,400,300,1.2,1,1,20
1Ae1,1.3,200,100,0.665,2,1,20
2Ae1,1.8,200,100,0.665,2,1,20
3Ae1,3.4,200,100,0.665,2,1,20
1Be1,1.3,300,100,0.665,2,1,20
2Be1,1.8,300,100,0.665,2,1,20
3Be1,3.4,300,100,0.665,2,1,20
1Ce1,1.3,400,100,0.665,2,1,20
2Ce1,1.8,400,100,0.665,2,1,20
3Ce1,3.4,400,100,0.665,2,1,20
1De1,1.3,200,200,0.665,2,1,20
2De1,1.8,200,200,0.665,2,1,20
3De1,3.4,200,200,0.665,2,1,20
1Ee1,1.3,300,200,0.665,2,1,20
2Ee1,1.8,300,200,0.665,2,1,20
3Ee1,3.4,300,200,0.665,2,1,20
1Fe1,1.3,400,200,0.665,2,1,20
2Fe1,1.8,400,200,0.665,2,1,20
3Fe1,3.4,400,200,0.665,2,1,20
1Ge1,1.3,200,300,0.665,2,1,20
2Ge1,1.8,200,300,0.665,2,1,20
3Ge1,3.4,200,300,0.665,2,1,20
1He1,1.3,300,300,0.665,2,1,20
2He1,1.8,300,300,0.665,2,1,20
3He1,3.4,300,300,0.665,2,1,20
1Ie1,1.3,400,300,0.665,2,1,20
2Ie1,1.8,400,300,0.665,2,1,20
3Ie1,3.4,400,300,0.665,2,1,20
1Je1,1.3,200,100,0.9,2,1,20
2Je1,1.8,200,100,0.9,2,1,20
3Je1,3.4,200,100,0.9,2,1,20
1Ke1,1.3,300,100,0.9,2,1,20
2Ke1,1.8,300,100,0.9,2,1,20
3Ke1,3.4,300,100,0.9,2,1,20
1Le1,1.3,400,100,0.9,2,1,20
2Le1,1.8,400,100,0.9,2,1,20
3Le1,3.4,400,100,0.9,2,1,20
1Me1,1.3,200,200,0.9,2,1,20
2Me1,1.8,200,200,0.9,2,1,20
3Me1,3.4,200,200,0.9,2,1,20
1Ne1,1.3,300,200,0.9,2,1,20
2Ne1,1.8,300,200,0.9,2,1,20
3Ne1,3.4,300,200,0.9,2,1,20
1Oe1,1.3,400,200,0.9,2,1,20
2Oe1,1.8,400,200,0.9,2,1,20
3Oe1,3.4,400,200,0.9,2,1,20
1Pe1,1.3,200,300,0.9,2,1,20
2Pe1,1.8,200,300,0.9,2,1,20
3Pe1,3.4,200,300,0.9,2,1,20
1Qe1,1.3,300,300,0.9,2,1,20
2Qe1,1.8,300,300,0.9,2,1,20
3Qe1,3.4,300,300,0.9,2,1,20
1Re1,1.3,400,300,0.9,2,1,20
2Re1,1.8,400,300,0.9,2,1,20
3Re1,3.4,400,300,0.9,2,1,20
1Se1,1.3,200,100,1.2,2,1,20
2Se1,1.8,200,100,1.2,2,1,20
3Se1,3.4,200,100,1.2,2,1,20
1Te1,1.3,300,100,1.2,2,1,20
2Te1,1.8,300,100,1.2,2,1,20
3Te1,3.4,300,100,1.2,2,1,20
1Ue1,1.3,400,100,1.2,2,1,20
2Ue1,1.8,400,100,1.2,2,1,20
3Ue1,3.4,400,100,1.2,2,1,20
1Ve1,1.3,200,200,1.2,2,1,20
2Ve1,1.8,200,200,1.2,2,1,20
3Ve1,3.4,200,200,1.2,2,1,20
1We1,1.3,300,200,1.2,2,1,20
2We1,1.8,300,200,1.2,2,1,20
3We1,3.4,300,200,1.2,2,1,20
1Xe1,1.3,400,200,1.2,2,1,20
2Xe1,1.8,400,200,1.2,2,1,20
3Xe1,3.4,400,200,1.2,2,1,20
1Ye1,1.3,200,300,1.2,2,1,20
2Ye1,1.8,200,300,1.2,2,1,20
3Ye1,3.4,200,300,1.2,2,1,20
1Ze1,1.3,300,300,1.2,2,1,20
2Ze1,1.8,300,300,1.2,2,1,20
3Ze1,3.4,300,300,1.2,2,1,20
1AAe1,1.3,400,300,1.2,2,1,20
2AAe1,1.8,400,300,1.2,2,1,20
3AAe1,3.4,400,300,1.2,2,1,20
1Af1,1.3,200,100,0.665,3,1,20
2Af1,1.8,200,100,0.665,3,1,20
3Af1,3.4,200,100,0.665,3,1,20
1Bf1,1.3,300,100,0.665,3,1,20
2Bf1,1.8,300,100,0.665,3,1,20
3Bf1,3.4,300,100,0.665,3,1,20
1Cf1,1.3,400,100,0.665,3,1,20
2Cf1,1.8,400,100,0.665,3,1,20
3Cf1,3.4,400,100,0.665,3,1,20
1Df1,1.3,200,200,0.665,3,1,20
2Df1,1.8,200,200,0.665,3,1,20
3Df1,3.4,200,200,0.665,3,1,20
1Ef1,1.3,300,200,0.665,3,1,20
2Ef1,1.8,300,200,0.665,3,1,20
3Ef1,3.4,300,200,0.665,3,1,20
1Ff1,1.3,400,200,0.665,3,1,20
2Ff1,1.8,400,200,0.665,3,1,20
3Ff1,3.4,400,200,0.665,3,1,20
1Gf1,1.3,200,300,0.665,3,1,20
2Gf1,1.8,200,300,0.665,3,1,20
3Gf1,3.4,200,300,0.665,3,1,20
1Hf1,1.3,300,300,0.665,3,1,20
2Hf1,1.8,300,300,0.665,3,1,20
3Hf1,3.4,300,300,0.665,3,1,20
1If1,1.3,400,300,0.665,3,1,20
2If1,1.8,400,300,0.665,3,1,20
3If1,3.4,400,300,0.665,3,1,20
1Jf1,1.3,200,100,0.9,3,1,20
2Jf1,1.8,200,100,0.9,3,1,20
3Jf1,3.4,200,100,0.9,3,1,20
1Kf1,1.3,300,100,0.9,3,1,20
2Kf1,1.8,300,100,0.9,3,1,20
3Kf1,3.4,300,100,0.9,3,1,20
1Lf1,1.3,400,100,0.9,3,1,20
2Lf1,1.8,400,100,0.9,3,1,20
3Lf1,3.4,400,100,0.9,3,1,20
1Mf1,1.3,200,200,0.9,3,1,20
2Mf1,1.8,200,200,0.9,3,1,20
3Mf1,3.4,200,200,0.9,3,1,20
1Nf1,1.3,300,200,0.9,3,1,20
2Nf1,1.8,300,200,0.9,3,1,20
3Nf1,3.4,300,200,0.9,3,1,20
1Of1,1.3,400,200,0.9,3,1,20
2Of1,1.8,400,200,0.9,3,1,20
3Of1,3.4,400,200,0.9,3,1,20
1Pf1,1.3,200,300,0.9,3,1,20
2Pf1,1.8,200,300,0.9,3,1,20
3Pf1,3.4,200,300,0.9,3,1,20
1Qf1,1.3,300,300,0.9,3,1,20
2Qf1,1.8,300,300,0.9,3,1,20
3Qf1,3.4,300,300,0.9,3,1,20
1Rf1,1.3,400,300,0.9,3,1,20
2Rf1,1.8,400,300,0.9,3,1,20
3Rf1,3.4,400,300,0.9,3,1,20
1Sf1,1.3,200,100,1.2,3,1,20
2Sf1,1.8,200,100,1.2,3,1,20
3Sf1,3.4,200,100,1.2,3,1,20
1Tf1,1.3,300,100,1.2,3,1,20
2Tf1,1.8,300,100,1.2,3,1,20
3Tf1,3.4,300,100,1.2,3,1,20
1Uf1,1.3,400,100,1.2,3,1,20
2Uf1,1.8,400,100,1.2,3,1,20
3Uf1,3.4,400,100,1.2,3,1,20
1Vf1,1.3,200,200,1.2,3,1,20
2Vf1,1.8,200,200,1.2,3,1,20
3Vf1,3.4,200,200,1.2,3,1,20
1Wf1,1.3,300,200,1.2,3,1,20
2Wf1,1.8,300,200,1.2,3,1,20
3Wf1,3.4,300,200,1.2,3,1,20
1Xf1,1.3,400,200,1.2,3,1,20
2Xf1,1.8,400,200,1.2,3,1,20
3Xf1,3.4,400,200,1.2,3,1,20
1Yf1,1.3,200,300,1.2,3,1,20
2Yf1,1.8,200,300,1.2,3,1,20
3Yf1,3.4,200,300,1.2,3,1,20
1Zf1,1.3,300,300,1.2,3,1,20
2Zf1,1.8,300,300,1.2,3,1,20
3Zf1,3.4,300,300,1.2,3,1,20
1AAf1,1.3,400,300,1.2,3,1,20
2AAf1,1.8,400,300,1.2,3,1,20
3AAf1,3.4,400,300,1.2,3,1,20
1Ag1,1.3,200,100,0.665,1,1.4,20
2Ag1,1.8,200,100,0.665,1,1.4,20
3Ag1,3.4,200,100,0.665,1,1.4,20
1Bg1,1.3,300,100,0.665,1,1.4,20
2Bg1,1.8,300,100,0.665,1,1.4,20
3Bg1,3.4,300,100,0.665,1,1.4,20
1Cg1,1.3,400,100,0.665,1,1.4,20
2Cg1,1.8,400,100,0.665,1,1.4,20
3Cg1,3.4,400,100,0.665,1,1.4,20
1Dg1,1.3,200,200,0.665,1,1.4,20
2Dg1,1.8,200,200,0.665,1,1.4,20
3Dg1,3.4,200,200,0.665,1,1.4,20
1Eg1,1.3,300,200,0.665,1,1.4,20
2Eg1,1.8,300,200,0.665,1,1.4,20
3Eg1,3.4,300,200,0.665,1,1.4,20
1Fg1,1.3,400,200,0.665,1,1.4,20
2Fg1,1.8,400,200,0.665,1,1.4,20
3Fg1,3.4,400,200,0.665,1,1.4,20
1Gg1,1.3,200,300,0.665,1,1.4,20
2Gg1,1.8,200,300,0.665,1,1.4,20
3Gg1,3.4,200,300,0.665,1,1.4,20
1Hg1,1.3,300,300,0.665,1,1.4,20
2Hg1,1.8,300,300,0.665,1,1.4,20
3Hg1,3.4,300,300,0.665,1,1.4,20
1Ig1,1.3,400,300,0.665,1,1.4,20
2Ig1,1.8,400,300,0.665,1,1.4,20
3Ig1,3.4,400,300,0.665,1,1.4,20
1Jg1,1.3,200,100,0.9,1,1.4,20
2Jg1,1.8,200,100,0.9,1,1.4,20
3Jg1,3.4,200,100,0.9,1,1.4,20
1Kg1,1.3,300,100,0.9,1,1.4,20
2Kg1,1.8,300,100,0.9,1,1.4,20
3Kg1,3.4,300,100,0.9,1,1.4,20
1Lg1,1.3,400,100,0.9,1,1.4,20
2Lg1,1.8,400,100,0.9,1,1.4,20
3Lg1,3.4,400,100,0.9,1,1.4,20
1Mg1,1.3,200,200,0.9,1,1.4,20
2Mg1,1.8,200,200,0.9,1,1.4,20
3Mg1,3.4,200,200,0.9,1,1.4,20
1Ng1,1.3,300,200,0.9,1,1.4,20
2Ng1,1.8,300,200,0.9,1,1.4,20
3Ng1,3.4,300,200,0.9,1,1.4,20
1Og1,1.3,400,200,0.9,1,1.4,20
2Og1,1.8,400,200,0.9,1,1.4,20
3Og1,3.4,400,200,0.9,1,1.4,20
1Pg1,1.3,200,300,0.9,1,1.4,20
2Pg1,1.8,200,300,0.9,1,1.4,20
3Pg1,3.4,200,300,0.9,1,1.4,20
1Qg1,1.3,300,300,0.9,1,1.4,20
2Qg1,1.8,300,300,0.9,1,1.4,20
3Qg1,3.4,300,300,0.9,1,1.4,20
1Rg1,1.3,400,300,0.9,1,1.4,20
2Rg1,1.8,400,300,0.9,1,1.4,20
3Rg1,3.4,400,300,0.9,1,1.4,20
1Sg1,1.3,200,100,1.2,1,1.4,20
2Sg1,1.8,200,100,1.2,1,1.4,20
3Sg1,3.4,200,100,1.2,1,1.4,20
1Tg1,1.3,300,100,1.2,1,1.4,20
2Tg1,1.8,300,100,1.2,1,1.4,20
3Tg1,3.4,300,100,1.2,1,1.4,20
1Ug1,1.3,400,100,1.2,1,1.4,20
2Ug1,1.8,400,100,1.2,1,1.4,20
3Ug1,3.4,400,100,1.2,1,1.4,20
1Vg1,1.3,200,200,1.2,1,1.4,20
2Vg1,1.8,200,200,1.2,1,1.4,20
3Vg1,3.4,200,200,1.2,1,1.4,20
1Wg1,1.3,300,200,1.2,1,1.4,20
2Wg1,1.8,300,200,1.2,1,1.4,20
3Wg1,3.4,300,200,1.2,1,1.4,20
1Xg1,1.3,400,200,1.2,1,1.4,20
2Xg1,1.8,400,200,1.2,1,1.4,20
3Xg1,3.4,400,200,1.2,1,1.4,20
1Yg1,1.3,200,300,1.2,1,1.4,20
2Yg1,1.8,200,300,1.2,1,1.4,20
3Yg1,3.4,200,300,1.2,1,1.4,20
1Zg1,1.3,300,300,1.2,1,1.4,20
2Zg1,1.8,300,300,1.2,1,1.4,20
3Zg1,3.4,300,300,1.2,1,1.4,20
1AAg1,1.3,400,300,1.2,1,1.4,20
2AAg1,1.8,400,300,1.2,1,1.4,20
3AAg1,3.4,400,300,1.2,1,1.4,20
1Ah1,1.3,200,100,0.665,2,1.4,20
2Ah1,1.8,200,100,0.665,2,1.4,20
3Ah1,3.4,200,100,0.665,2,1.4,20
1Bh1,1.3,300,100,0.665,2,1.4,20
2Bh1,1.8,300,100,0.665,2,1.4,20
3Bh1,3.4,300,100,0.665,2,1.4,20
1Ch1,1.3,400,100,0.665,2,1.4,20
2Ch1,1.8,400,100,0.665,2,1.4,20
3Ch1,3.4,400,100,0.665,2,1.4,20
1Dh1,1.3,200,200,0.665,2,1.4,20
2Dh1,1.8,200,200,0.665,2,1.4,20
3Dh1,3.4,200,200,0.665,2,1.4,20
1Eh1,1.3,300,200,0.665,2,1.4,20
2Eh1,1.8,300,200,0.665,2,1.4,20
3Eh1,3.4,300,200,0.665,2,1.4,20
1Fh1,1.3,400,200,0.665,2,1.4,20
2Fh1,1.8,400,200,0.665,2,1.4,20
3Fh1,3.4,400,200,0.665,2,1.4,20
1Gh1,1.3,200,300,0.665,2,1.4,20
2Gh1,1.8,200,300,0.665,2,1.4,20
3Gh1,3.4,200,300,0.665,2,1.4,20
1Hh1,1.3,300,300,0.665,2,1.4,20
2Hh1,1.8,300,300,0.665,2,1.4,20
3Hh1,3.4,300,300,0.665,2,1.4,20
1Ih1,1.3,400,300,0.665,2,1.4,20
2Ih1,1.8,400,300,0.665,2,1.4,20
3Ih1,3.4,400,300,0.665,2,1.4,20
1Jh1,1.3,200,100,0.9,2,1.4,20
2Jh1,1.8,200,100,0.9,2,1.4,20
3Jh1,3.4,200,100,0.9,2,1.4,20
1Kh1,1.3,300,100,0.9,2,1.4,20
2Kh1,1.8,300,100,0.9,2,1.4,20
3Kh1,3.4,300,100,0.9,2,1.4,20
1Lh1,1.3,400,100,0.9,2,1.4,20
2Lh1,1.8,400,100,0.9,2,1.4,20
3Lh1,3.4,400,100,0.9,2,1.4,20
1Mh1,1.3,200,200,0.9,2,1.4,20
2Mh1,1.8,200,200,0.9,2,1.4,20
3Mh1,3.4,200,200,0.9,2,1.4,20
1Nh1,1.3,300,200,0.9,2,1.4,20
2Nh1,1.8,300,200,0.9,2,1.4,20
3Nh1,3.4,300,200,0.9,2,1.4,20
1Oh1,1.3,400,200,0.9,2,1.4,20
2Oh1,1.8,400,200,0.9,2,1.4,20
3Oh1,3.4,400,200,0.9,2,1.4,20
1Ph1,1.3,200,300,0.9,2,1.4,20
2Ph1,1.8,200,300,0.9,2,1.4,20
3Ph1,3.4,200,300,0.9,2,1.4,20
1Qh1,1.3,300,300,0.9,2,1.4,20
2Qh1,1.8,300,300,0.9,2,1.4,20
3Qh1,3.4,300,300,0.9,2,1.4,20
1Rh1,1.3,400,300,0.9,2,1.4,20
2Rh1,1.8,400,300,0.9,2,1.4,20
3Rh1,3.4,400,300,0.9,2,1.4,20
1Sh1,1.3,200,100,1.2,2,1.4,20
2Sh1,1.8,200,100,1.2,2,1.4,20
3Sh1,3.4,200,100,1.2,2,1.4,20
1Th1,1.3,300,100,1.2,2,1.4,20
2Th1,1.8,300,100,1.2,2,1.4,20
3Th1,3.4,300,100,1.2,2,1.4,20
1Uh1,1.3,400,100,1.2,2,1.4,20
2Uh1,1.8,400,100,1.2,2,1.4,20
3Uh1,3.4,400,100,1.2,2,1.4,20
1Vh1,1.3,200,200,1.2,2,1.4,20
2Vh1,1.8,200,200,1.2,2,1.4,20
3Vh1,3.4,200,200,1.2,2,1.4,20
1Wh1,1.3,300,200,1.2,2,1.4,20
2Wh1,1.8,300,200,1.2,2,1.4,20
3Wh1,3.4,300,200,1.2,2,1.4,20
1Xh1,1.3,400,200,1.2,2,1.4,20
2Xh1,1.8,400,200,1.2,2,1.4,20
3Xh1,3.4,400,200,1.2,2,1.4,20
1Yh1,1.3,200,300,1.2,2,1.4,20
2Yh1,1.8,200,300,1.2,2,1.4,20
3Yh1,3.4,200,300,1.2,2,1.4,20
1Zh1,1.3,300,300,1.2,2,1.4,20
2Zh1,1.8,300,300,1.2,2,1.4,20
3Zh1,3.4,300,300,1.2,2,1.4,20
1AAh1,1.3,400,300,1.2,2,1.4,20
2AAh1,1.8,400,300,1.2,2,1.4,20
3AAh1,3.4,400,300,1.2,2,1.4,20
1Ai1,1.3,200,100,0.665,3,1.4,20
2Ai1,1.8,200,100,0.665,3,1.4,20
3Ai1,3.4,200,100,0.665,3,1.4,20
1Bi1,1.3,300,100,0.665,3,1.4,20
2Bi1,1.8,300,100,0.665,3,1.4,20
3Bi1,3.4,300,100,0.665,3,1.4,20
1Ci1,1.3,400,100,0.665,3,1.4,20
2Ci1,1.8,400,100,0.665,3,1.4,20
3Ci1,3.4,400,100,0.665,3,1.4,20
1Di1,1.3,200,200,0.665,3,1.4,20
2Di1,1.8,200,200,0.665,3,1.4,20
3Di1,3.4,200,200,0.665,3,1.4,20
1Ei1,1.3,300,200,0.665,3,1.4,20
2Ei1,1.8,300,200,0.665,3,1.4,20
3Ei1,3.4,300,200,0.665,3,1.4,20
1Fi1,1.3,400,200,0.665,3,1.4,20
2Fi1,1.8,400,200,0.665,3,1.4,20
3Fi1,3.4,400,200,0.665,3,1.4,20
1Gi1,1.3,200,300,0.665,3,1.4,20
2Gi1,1.8,200,300,0.665,3,1.4,20
3Gi1,3.4,200,300,0.665,3,1.4,20
1Hi1,1.3,300,300,0.665,3,1.4,20
2Hi1,1.8,300,300,0.665,3,1.4,20
3Hi1,3.4,300,300,0.665,3,1.4,20
1Ii1,1.3,400,300,0.665,3,1.4,20
2Ii1,1.8,400,300,0.665,3,1.4,20
3Ii1,3.4,400,300,0.665,3,1.4,20
1Ji1,1.3,200,100,0.9,3,1.4,20
2Ji1,1.8,200,100,0.9,3,1.4,20
3Ji1,3.4,200,100,0.9,3,1.4,20
1Ki1,1.3,300,100,0.9,3,1.4,20
2Ki1,1.8,300,100,0.9,3,1.4,20
3Ki1,3.4,300,100,0.9,3,1.4,20
1Li1,1.3,400,100,0.9,3,1.4,20
2Li1,1.8,400,100,0.9,3,1.4,20
3Li1,3.4,400,100,0.9,3,1.4,20
1Mi1,1.3,200,200,0.9,3,1.4,20
2Mi1,1.8,200,200,0.9,3,1.4,20
3Mi1,3.4,200,200,0.9,3,1.4,20
1Ni1,1.3,300,200,0.9,3,1.4,20
2Ni1,1.8,300,200,0.9,3,1.4,20
3Ni1,3.4,300,200,0.9,3,1.4,20
1Oi1,1.3,400,200,0.9,3,1.4,20
2Oi1,1.8,400,200,0.9,3,1.4,20
3Oi1,3.4,400,200,0.9,3,1.4,20
1Pi1,1.3,200,300,0.9,3,1.4,20
2Pi1,1.8,200,300,0.9,3,1.4,20
3Pi1,3.4,200,300,0.9,3,1.4,20
1Qi1,1.3,300,300,0.9,3,1.4,20
2Qi1,1.8,300,300,0.9,3,1.4,20
3Qi1,3.4,300,300,0.9,3,1.4,20
1Ri1,1.3,400,300,0.9,3,1.4,20
2Ri1,1.8,400,300,0.9,3,1.4,20
3Ri1,3.4,400,300,0.9,3,1.4,20
1Si1,1.3,200,100,1.2,3,1.4,20
2Si1,1.8,200,100,1.2,3,1.4,20
3Si1,3.4,200,100,1.2,3,1.4,20
1Ti1,1.3,300,100,1.2,3,1.4,20
2Ti1,1.8,300,100,1.2,3,1.4,20
3Ti1,3.4,300,100,1.2,3,1.4,20
1Ui1,1.3,400,100,1.2,3,1.4,20
2Ui1,1.8,400,100,1.2,3,1.4,20
3Ui1,3.4,400,100,1.2,3,1.4,20
1Vi1,1.3,200,200,1.2,3,1.4,20
2Vi1,1.8,200,200,1.2,3,1.4,20
3Vi1,3.4,200,200,1.2,3,1.4,20
1Wi1,1.3,300,200,1.2,3,1.4,20
2Wi1,1.8,300,200,1.2,3,1.4,20
3Wi1,3.4,300,200,1.2,3,1.4,20
1Xi1,1.3,400,200,1.2,3,1.4,20
2Xi1,1.8,400,200,1.2,3,1.4,20
3Xi1,3.4,400,200,1.2,3,1.4,20
1Yi1,1.3,200,300,1.2,3,1.4,20
2Yi1,1.8,200,300,1.2,3,1.4,20
3Yi1,3.4,200,300,1.2,3,1.4,20
1Zi1,1.3,300,300,1.2,3,1.4,20
2Zi1,1.8,300,300,1.2,3,1.4,20
3Zi1,3.4,300,300,1.2,3,1.4,20
1AAi1,1.3,400,300,1.2,3,1.4,20
2AAi1,1.8,400,300,1.2,3,1.4,20
3AAi1,3.4,400,300,1.2,3,1.4,20
1Aa2,1.3,200,100,0.665,1,0.6,22
2Aa2,1.8,200,100,0.665,1,0.6,22
3Aa2,3.4,200,100,0.665,1,0.6,22
1Ba2,1.3,300,100,0.665,1,0.6,22
2Ba2,1.8,300,100,0.665,1,0.6,22
3Ba2,3.4,300,100,0.665,1,0.6,22
1Ca2,1.3,400,100,0.665,1,0.6,22
2Ca2,1.8,400,100,0.665,1,0.6,22
3Ca2,3.4,400,100,0.665,1,0.6,22
1Da2,1.3,200,200,0.665,1,0.6,22
2Da2,1.8,200,200,0.665,1,0.6,22
3Da2,3.4,200,200,0.665,1,0.6,22
1Ea2,1.3,300,200,0.665,1,0.6,22
2Ea2,1.8,300,200,0.665,1,0.6,22
3Ea2,3.4,300,200,0.665,1,0.6,22
1Fa2,1.3,400,200,0.665,1,0.6,22
2Fa2,1.8,400,200,0.665,1,0.6,22
3Fa2,3.4,400,200,0.665,1,0.6,22
1Ga2,1.3,200,300,0.665,1,0.6,22
2Ga2,1.8,200,300,0.665,1,0.6,22
3Ga2,3.4,200,300,0.665,1,0.6,22
1Ha2,1.3,300,300,0.665,1,0.6,22
2Ha2,1.8,300,300,0.665,1,0.6,22
3Ha2,3.4,300,300,0.665,1,0.6,22
1Ia2,1.3,400,300,0.665,1,0.6,22
2Ia2,1.8,400,300,0.665,1,0.6,22
3Ia2,3.4,400,300,0.665,1,0.6,22
1Ja2,1.3,200,100,0.9,1,0.6,22
2Ja2,1.8,200,100,0.9,1,0.6,22
3Ja2,3.4,200,100,0.9,1,0.6,22
1Ka2,1.3,300,100,0.9,1,0.6,22
2Ka2,1.8,300,100,0.9,1,0.6,22
3Ka2,3.4,300,100,0.9,1,0.6,22
1La2,1.3,400,100,0.9,1,0.6,22
2La2,1.8,400,100,0.9,1,0.6,22
3La2,3.4,400,100,0.9,1,0.6,22
1Ma2,1.3,200,200,0.9,1,0.6,22
2Ma2,1.8,200,200,0.9,1,0.6,22
3Ma2,3.4,200,200,0.9,1,0.6,22
1Na2,1.3,300,200,0.9,1,0.6,22
2Na2,1.8,300,200,0.9,1,0.6,22
3Na2,3.4,300,200,0.9,1,0.6,22
1Oa2,1.3,400,200,0.9,1,0.6,22
2Oa2,1.8,400,200,0.9,1,0.6,22
3Oa2,3.4,400,200,0.9,1,0.6,22
1Pa2,1.3,200,300,0.9,1,0.6,22
2Pa2,1.8,200,300,0.9,1,0.6,22
3Pa2,3.4,200,300,0.9,1,0.6,22
1Qa2,1.3,300,300,0.9,1,0.6,22
2Qa2,1.8,300,300,0.9,1,0.6,22
3Qa2,3.4,300,300,0.9,1,0.6,22
1Ra2,1.3,400,300,0.9,1,0.6,22
2Ra2,1.8,400,300,0.9,1,0.6,22
3Ra2,3.4,400,300,0.9,1,0.6,22
1Sa2,1.3,200,100,1.2,1,0.6,22
2Sa2,1.8,200,100,1.2,1,0.6,22
3Sa2,3.4,200,100,1.2,1,0.6,22
1Ta2,1.3,300,100,1.2,1,0.6,22
2Ta2,1.8,300,100,1.2,1,0.6,22
3Ta2,3.4,300,100,1.2,1,0.6,22
1Ua2,1.3,400,100,1.2,1,0.6,22
2Ua2,1.8,400,100,1.2,1,0.6,22
3Ua2,3.4,400,100,1.2,1,0.6,22
1Va2,1.3,200,200,1.2,1,0.6,22
2Va2,1.8,200,200,1.2,1,0.6,22
3Va2,3.4,200,200,1.2,1,0.6,22
1Wa2,1.3,300,200,1.2,1,0.6,22
2Wa2,1.8,300,200,1.2,1,0.6,22
3Wa2,3.4,300,200,1.2,1,0.6,22
1Xa2,1.3,400,200,1.2,1,0.6,22
2Xa2,1.8,400,200,1.2,1,0.6,22
3Xa2,3.4,400,200,1.2,1,0.6,22
1Ya2,1.3,200,300,1.2,1,0.6,22
2Ya2,1.8,200,300,1.2,1,0.6,22
3Ya2,3.4,200,300,1.2,1,0.6,22
1Za2,1.3,300,300,1.2,1,0.6,22
2Za2,1.8,300,300,1.2,1,0.6,22
3Za2,3.4,300,300,1.2,1,0.6,22
1AAa2,1.3,400,300,1.2,1,0.6,22
2AAa2,1.8,400,300,1.2,1,0.6,22
3AAa2,3.4,400,300,1.2,1,0.6,22
1Ab2,1.3,200,100,0.665,2,0.6,22
2Ab2,1.8,200,100,0.665,2,0.6,22
3Ab2,3.4,200,100,0.665,2,0.6,22
1Bb2,1.3,300,100,0.665,2,0.6,22
2Bb2,1.8,300,100,0.665,2,0.6,22
3Bb2,3.4,300,100,0.665,2,0.6,22
1Cb2,1.3,400,100,0.665,2,0.6,22
2Cb2,1.8,400,100,0.665,2,0.6,22
3Cb2,3.4,400,100,0.665,2,0.6,22
1Db2,1.3,200,200,0.665,2,0.6,22
2Db2,1.8,200,200,0.665,2,0.6,22
3Db2,3.4,200,200,0.665,2,0.6,22
1Eb2,1.3,300,200,0.665,2,0.6,22
2Eb2,1.8,300,200,0.665,2,0.6,22
3Eb2,3.4,300,200,0.665,2,0.6,22
1Fb2,1.3,400,200,0.665,2,0.6,22
2Fb2,1.8,400,200,0.665,2,0.6,22
3Fb2,3.4,400,200,0.665,2,0.6,22
1Gb2,1.3,200,300,0.665,2,0.6,22
2Gb2,1.8,200,300,0.665,2,0.6,22
3Gb2,3.4,200,300,0.665,2,0.6,22
1Hb2,1.3,300,300,0.665,2,0.6,22
2Hb2,1.8,300,300,0.665,2,0.6,22
3Hb2,3.4,300,300,0.665,2,0.6,22
1Ib2,1.3,400,300,0.665,2,0.6,22
2Ib2,1.8,400,300,0.665,2,0.6,22
3Ib2,3.4,400,300,0.665,2,0.6,22
1Jb2,1.3,200,100,0.9,2,0.6,22
2Jb2,1.8,200,100,0.9,2,0.6,22
3Jb2,3.4,200,100,0.9,2,0.6,22
1Kb2,1.3,300,100,0.9,2,0.6,22
2Kb2,1.8,300,100,0.9,2,0.6,22
3Kb2,3.4,300,100,0.9,2,0.6,22
1Lb2,1.3,400,100,0.9,2,0.6,22
2Lb2,1.8,400,100,0.9,2,0.6,22
3Lb2,3.4,400,100,0.9,2,0.6,22
1Mb2,1.3,200,200,0.9,2,0.6,22
2Mb2,1.8,200,200,0.9,2,0.6,22
3Mb2,3.4,200,200,0.9,2,0.6,22
1Nb2,1.3,300,200,0.9,2,0.6,22
2Nb2,1.8,300,200,0.9,2,0.6,22
3Nb2,3.4,300,200,0.9,2,0.6,22
1Ob2,1.3,400,200,0.9,2,0.6,22
2Ob2,1.8,400,200,0.9,2,0.6,22
3Ob2,3.4,400,200,0.9,2,0.6,22
1Pb2,1.3,200,300,0.9,2,0.6,22
2Pb2,1.8,200,300,0.9,2,0.6,22
3Pb2,3.4,200,300,0.9,2,0.6,22
1Qb2,1.3,300,300,0.9,2,0.6,22
2Qb2,1.8,300,300,0.9,2,0.6,22
3Qb2,3.4,300,300,0.9,2,0.6,22
1Rb2,1.3,400,300,0.9,2,0.6,22
2Rb2,1.8,400,300,0.9,2,0.6,22
3Rb2,3.4,400,300,0.9,2,0.6,22
1Sb2,1.3,200,100,1.2,2,0.6,22
2Sb2,1.8,200,100,1.2,2,0.6,22
3Sb2,3.4,200,100,1.2,2,0.6,22
1Tb2,1.3,300,100,1.2,2,0.6,22
2Tb2,1.8,300,100,1.2,2,0.6,22
3Tb2,3.4,300,100,1.2,2,0.6,22
1Ub2,1.3,400,100,1.2,2,0.6,22
2Ub2,1.8,400,100,1.2,2,0.6,22
3Ub2,3.4,400,100,1.2,2,0.6,22
1Vb2,1.3,200,200,1.2,2,0.6,22
2Vb2,1.8,200,200,1.2,2,0.6,22
3Vb2,3.4,200,200,1.2,2,0.6,22
1Wb2,1.3,300,200,1.2,2,0.6,22
2Wb2,1.8,300,200,1.2,2,0.6,22
3Wb2,3.4,300,200,1.2,2,0.6,22
1Xb2,1.3,400,200,1.2,2,0.6,22
2Xb2,1.8,400,200,1.2,2,0.6,22
3Xb2,3.4,400,200,1.2,2,0.6,22
1Yb2,1.3,200,300,1.2,2,0.6,22
2Yb2,1.8,200,300,1.2,2,0.6,22
3Yb2,3.4,200,300,1.2,2,0.6,22
1Zb2,1.3,300,300,1.2,2,0.6,22
2Zb2,1.8,300,300,1.2,2,0.6,22
3Zb2,3.4,300,300,1.2,2,0.6,22
1AAb2,1.3,400,300,1.2,2,0.6,22
2AAb2,1.8,400,300,1.2,2,0.6,22
3AAb2,3.4,400,300,1.2,2,0.6,22
1Ac2,1.3,200,100,0.665,3,0.6,22
2Ac2,1.8,200,100,0.665,3,0.6,22
3Ac2,3.4,200,100,0.665,3,0.6,22
1Bc2,1.3,300,100,0.665,3,0.6,22
2Bc2,1.8,300,100,0.665,3,0.6,22
3Bc2,3.4,300,100,0.665,3,0.6,22
1Cc2,1.3,400,100,0.665,3,0.6,22
2Cc2,1.8,400,100,0.665,3,0.6,22
3Cc2,3.4,400,100,0.665,3,0.6,22
1Dc2,1.3,200,200,0.665,3,0.6,22
2Dc2,1.8,200,200,0.665,3,0.6,22
3Dc2,3.4,200,200,0.665,3,0.6,22
1Ec2,1.3,300,200,0.665,3,0.6,22
2Ec2,1.8,300,200,0.665,3,0.6,22
3Ec2,3.4,300,200,0.665,3,0.6,22
1Fc2,1.3,400,200,0.665,3,0.6,22
2Fc2,1.8,400,200,0.665,3,0.6,22
3Fc2,3.4,400,200,0.665,3,0.6,22
1Gc2,1.3,200,300,0.665,3,0.6,22
2Gc2,1.8,200,300,0.665,3,0.6,22
3Gc2,3.4,200,300,0.665,3,0.6,22
1Hc2,1.3,300,300,0.665,3,0.6,22
2Hc2,1.8,300,300,0.665,3,0.6,22
3Hc2,3.4,300,300,0.665,3,0.6,22
1Ic2,1.3,400,300,0.665,3,0.6,22
2Ic2,1.8,400,300,0.665,3,0.6,22
3Ic2,3.4,400,300,0.665,3,0.6,22
1Jc2,1.3,200,100,0.9,3,0.6,22
2Jc2,1.8,200,100,0.9,3,0.6,22
3Jc2,3.4,200,100,0.9,3,0.6,22
1Kc2,1.3,300,100,0.9,3,0.6,22
2Kc2,1.8,300,100,0.9,3,0.6,22
3Kc2,3.4,300,100,0.9,3,0.6,22
1Lc2,1.3,400,100,0.9,3,0.6,22
2Lc2,1.8,400,100,0.9,3,0.6,22
3Lc2,3.4,400,100,0.9,3,0.6,22
1Mc2,1.3,200,200,0.9,3,0.6,22
2Mc2,1.8,200,200,0.9,3,0.6,22
3Mc2,3.4,200,200,0.9,3,0.6,22
1Nc2,1.3,300,200,0.9,3,0.6,22
2Nc2,1.8,300,200,0.9,3,0.6,22
3Nc2,3.4,300,200,0.9,3,0.6,22
1Oc2,1.3,400,200,0.9,3,0.6,22
2Oc2,1.8,400,200,0.9,3,0.6,22
3Oc2,3.4,400,200,0.9,3,0.6,22
1Pc2,1.3,200,300,0.9,3,0.6,22
2Pc2,1.8,200,300,0.9,3,0.6,22
3Pc2,3.4,200,300,0.9,3,0.6,22
1Qc2,1.3,300,300,0.9,3,0.6,22
2Qc2,1.8,300,300,0.9,3,0.6,22
3Qc2,3.4,300,300,0.9,3,0.6,22
1Rc2,1.3,400,300,0.9,3,0.6,22
2Rc2,1.8,400,300,0.9,3,0.6,22
3Rc2,3.4,400,300,0.9,3,0.6,22
1Sc2,1.3,200,100,1.2,3,0.6,22
2Sc2,1.8,200,100,1.2,3,0.6,22
3Sc2,3.4,200,100,1.2,3,0.6,22
1Tc2,1.3,300,100,1.2,3,0.6,22
2Tc2,1.8,300,100,1.2,3,0.6,22
3Tc2,3.4,300,100,1.2,3,0.6,22
1Uc2,1.3,400,100,1.2,3,0.6,22
2Uc2,1.8,400,100,1.2,3,0.6,22
3Uc2,3.4,400,100,1.2,3,0.6,22
1Vc2,1.3,200,200,1.2,3,0.6,22
2Vc2,1.8,200,200,1.2,3,0.6,22
3Vc2,3.4,200,200,1.2,3,0.6,22
1Wc2,1.3,300,200,1.2,3,0.6,22
2Wc2,1.8,300,200,1.2,3,0.6,22
3Wc2,3.4,300,200,1.2,3,0.6,22
1Xc2,1.3,400,200,1.2,3,0.6,22
2Xc2,1.8,400,200,1.2,3,0.6,22
3Xc2,3.4,400,200,1.2,3,0.6,22
1Yc2,1.3,200,300,1.2,3,0.6,22
2Yc2,1.8,200,300,1.2,3,0.6,22
3Yc2,3.4,200,300,1.2,3,0.6,22
1Zc2,1.3,300,300,1.2,3,0.6,22
2Zc2,1.8,300,300,1.2,3,0.6,22
3Zc2,3.4,300,300,1.2,3,0.6,22
1AAc2,1.3,400,300,1.2,3,0.6,22
2AAc2,1.8,400,300,1.2,3,0.6,22
3AAc2,3.4,400,300,1.2,3,0.6,22
1Ad2,1.3,200,100,0.665,1,1,22
2Ad2,1.8,200,100,0.665,1,1,22
3Ad2,3.4,200,100,0.665,1,1,22
1Bd2,1.3,300,100,0.665,1,1,22
2Bd2,1.8,300,100,0.665,1,1,22
3Bd2,3.4,300,100,0.665,1,1,22
1Cd2,1.3,400,100,0.665,1,1,22
2Cd2,1.8,400,100,0.665,1,1,22
3Cd2,3.4,400,100,0.665,1,1,22
1Dd2,1.3,200,200,0.665,1,1,22
2Dd2,1.8,200,200,0.665,1,1,22
3Dd2,3.4,200,200,0.665,1,1,22
1Ed2,1.3,300,200,0.665,1,1,22
2Ed2,1.8,300,200,0.665,1,1,22
3Ed2,3.4,300,200,0.665,1,1,22
1Fd2,1.3,400,200,0.665,1,1,22
2Fd2,1.8,400,200,0.665,1,1,22
3Fd2,3.4,400,200,0.665,1,1,22
1Gd2,1.3,200,300,0.665,1,1,22
2Gd2,1.8,200,300,0.665,1,1,22
3Gd2,3.4,200,300,0.665,1,1,22
1Hd2,1.3,300,300,0.665,1,1,22
2Hd2,1.8,300,300,0.665,1,1,22
3Hd2,3.4,300,300,0.665,1,1,22
1Id2,1.3,400,300,0.665,1,1,22
2Id2,1.8,400,300,0.665,1,1,22
3Id2,3.4,400,300,0.665,1,1,22
1Jd2,1.3,200,100,0.9,1,1,22
2Jd2,1.8,200,100,0.9,1,1,22
3Jd2,3.4,200,100,0.9,1,1,22
1Kd2,1.3,300,100,0.9,1,1,22
2Kd2,1.8,300,100,0.9,1,1,22
3Kd2,3.4,300,100,0.9,1,1,22
1Ld2,1.3,400,100,0.9,1,1,22
2Ld2,1.8,400,100,0.9,1,1,22
3Ld2,3.4,400,100,0.9,1,1,22
1Md2,1.3,200,200,0.9,1,1,22
2Md2,1.8,200,200,0.9,1,1,22
3Md2,3.4,200,200,0.9,1,1,22
1Nd2,1.3,300,200,0.9,1,1,22
2Nd2,1.8,300,200,0.9,1,1,22
3Nd2,3.4,300,200,0.9,1,1,22
1Od2,1.3,400,200,0.9,1,1,22
2Od2,1.8,400,200,0.9,1,1,22
3Od2,3.4,400,200,0.9,1,1,22
1Pd2,1.3,200,300,0.9,1,1,22
2Pd2,1.8,200,300,0.9,1,1,22
3Pd2,3.4,200,300,0.9,1,1,22
1Qd2,1.3,300,300,0.9,1,1,22
2Qd2,1.8,300,300,0.9,1,1,22
3Qd2,3.4,300,300,0.9,1,1,22
1Rd2,1.3,400,300,0.9,1,1,22
2Rd2,1.8,400,300,0.9,1,1,22
3Rd2,3.4,400,300,0.9,1,1,22
1Sd2,1.3,200,100,1.2,1,1,22
2Sd2,1.8,200,100,1.2,1,1,22
3Sd2,3.4,200,100,1.2,1,1,22
1Td2,1.3,300,100,1.2,1,1,22
2Td2,1.8,300,100,1.2,1,1,22
3Td2,3.4,300,100,1.2,1,1,22
1Ud2,1.3,400,100,1.2,1,1,22
2Ud2,1.8,400,100,1.2,1,1,22
3Ud2,3.4,400,100,1.2,1,1,22
1Vd2,1.3,200,200,1.2,1,1,22
2Vd2,1.8,200,200,1.2,1,1,22
3Vd2,3.4,200,200,1.2,1,1,22
1Wd2,1.3,300,200,1.2,1,1,22
2Wd2,1.8,300,200,1.2,1,1,22
3Wd2,3.4,300,200,1.2,1,1,22
1Xd2,1.3,400,200,1.2,1,1,22
2Xd2,1.8,400,200,1.2,1,1,22
3Xd2,3.4,400,200,1.2,1,1,22
1Yd2,1.3,200,300,1.2,1,1,22
2Yd2,1.8,200,300,1.2,1,1,22
3Yd2,3.4,200,300,1.2,1,1,22
1Zd2,1.3,300,300,1.2,1,1,22
2Zd2,1.8,300,300,1.2,1,1,22
3Zd2,3.4,300,300,1.2,1,1,22
1AAd2,1.3,400,300,1.2,1,1,22
2AAd2,1.8,400,300,1.2,1,1,22
3AAd2,3.4,400,300,1.2,1,1,22
1Ae2,1.3,200,100,0.665,2,1,22
2Ae2,1.8,200,100,0.665,2,1,22
3Ae2,3.4,200,100,0.665,2,1,22
1Be2,1.3,300,100,0.665,2,1,22
2Be2,1.8,300,100,0.665,2,1,22
3Be2,3.4,300,100,0.665,2,1,22
1Ce2,1.3,400,100,0.665,2,1,22
2Ce2,1.8,400,100,0.665,2,1,22
3Ce2,3.4,400,100,0.665,2,1,22
1De2,1.3,200,200,0.665,2,1,22
2De2,1.8,200,200,0.665,2,1,22
3De2,3.4,200,200,0.665,2,1,22
1Ee2,1.3,300,200,0.665,2,1,22
2Ee2,1.8,300,200,0.665,2,1,22
3Ee2,3.4,300,200,0.665,2,1,22
1Fe2,1.3,400,200,0.665,2,1,22
2Fe2,1.8,400,200,0.665,2,1,22
3Fe2,3.4,400,200,0.665,2,1,22
1Ge2,1.3,200,300,0.665,2,1,22
2Ge2,1.8,200,300,0.665,2,1,22
3Ge2,3.4,200,300,0.665,2,1,22
1He2,1.3,300,300,0.665,2,1,22
2He2,1.8,300,300,0.665,2,1,22
3He2,3.4,300,300,0.665,2,1,22
1Ie2,1.3,400,300,0.665,2,1,22
2Ie2,1.8,400,300,0.665,2,1,22
3Ie2,3.4,400,300,0.665,2,1,22
1Je2,1.3,200,100,0.9,2,1,22
2Je2,1.8,200,100,0.9,2,1,22
3Je2,3.4,200,100,0.9,2,1,22
1Ke2,1.3,300,100,0.9,2,1,22
2Ke2,1.8,300,100,0.9,2,1,22
3Ke2,3.4,300,100,0.9,2,1,22
1Le2,1.3,400,100,0.9,2,1,22
2Le2,1.8,400,100,0.9,2,1,22
3Le2,3.4,400,100,0.9,2,1,22
1Me2,1.3,200,200,0.9,2,1,22
2Me2,1.8,200,200,0.9,2,1,22
3Me2,3.4,200,200,0.9,2,1,22
1Ne2,1.3,300,200,0.9,2,1,22
2Ne2,1.8,300,200,0.9,2,1,22
3Ne2,3.4,300,200,0.9,2,1,22
1Oe2,1.3,400,200,0.9,2,1,22
2Oe2,1.8,400,200,0.9,2,1,22
3Oe2,3.4,400,200,0.9,2,1,22
1Pe2,1.3,200,300,0.9,2,1,22
2Pe2,1.8,200,300,0.9,2,1,22
3Pe2,3.4,200,300,0.9,2,1,22
1Qe2,1.3,300,300,0.9,2,1,22
2Qe2,1.8,300,300,0.9,2,1,22
3Qe2,3.4,300,300,0.9,2,1,22
1Re2,1.3,400,300,0.9,2,1,22
2Re2,1.8,400,300,0.9,2,1,22
3Re2,3.4,400,300,0.9,2,1,22
1Se2,1.3,200,100,1.2,2,1,22
2Se2,1.8,200,100,1.2,2,1,22
3Se2,3.4,200,100,1.2,2,1,22
1Te2,1.3,300,100,1.2,2,1,22
2Te2,1.8,300,100,1.2,2,1,22
3Te2,3.4,300,100,1.2,2,1,22
1Ue2,1.3,400,100,1.2,2,1,22
2Ue2,1.8,400,100,1.2,2,1,22
3Ue2,3.4,400,100,1.2,2,1,22
1Ve2,1.3,200,200,1.2,2,1,22
2Ve2,1.8,200,200,1.2,2,1,22
3Ve2,3.4,200,200,1.2,2,1,22
1We2,1.3,300,200,1.2,2,1,22
2We2,1.8,300,200,1.2,2,1,22
3We2,3.4,300,200,1.2,2,1,22
1Xe2,1.3,400,200,1.2,2,1,22
2Xe2,1.8,400,200,1.2,2,1,22
3Xe2,3.4,400,200,1.2,2,1,22
1Ye2,1.3,200,300,1.2,2,1,22
2Ye2,1.8,200,300,1.2,2,1,22
3Ye2,3.4,200,300,1.2,2,1,22
1Ze2,1.3,300,300,1.2,2,1,22
2Ze2,1.8,300,300,1.2,2,1,22
3Ze2,3.4,300,300,1.2,2,1,22
1AAe2,1.3,400,300,1.2,2,1,22
2AAe2,1.8,400,300,1.2,2,1,22
3AAe2,3.4,400,300,1.2,2,1,22
1Af2,1.3,200,100,0.665,3,1,22
2Af2,1.8,200,100,0.665,3,1,22
3Af2,3.4,200,100,0.665,3,1,22
1Bf2,1.3,300,100,0.665,3,1,22
2Bf2,1.8,300,100,0.665,3,1,22
3Bf2,3.4,300,100,0.665,3,1,22
1Cf2,1.3,400,100,0.665,3,1,22
2Cf2,1.8,400,100,0.665,3,1,22
3Cf2,3.4,400,100,0.665,3,1,22
1Df2,1.3,200,200,0.665,3,1,22
2Df2,1.8,200,200,0.665,3,1,22
3Df2,3.4,200,200,0.665,3,1,22
1Ef2,1.3,300,200,0.665,3,1,22
2Ef2,1.8,300,200,0.665,3,1,22
3Ef2,3.4,300,200,0.665,3,1,22
1Ff2,1.3,400,200,0.665,3,1,22
2Ff2,1.8,400,200,0.665,3,1,22
3Ff2,3.4,400,200,0.665,3,1,22
1Gf2,1.3,200,300,0.665,3,1,22
2Gf2,1.8,200,300,0.665,3,1,22
3Gf2,3.4,200,300,0.665,3,1,22
1Hf2,1.3,300,300,0.665,3,1,22
2Hf2,1.8,300,300,0.665,3,1,22
3Hf2,3.4,300,300,0.665,3,1,22
1If2,1.3,400,300,0.665,3,1,22
2If2,1.8,400,300,0.665,3,1,22
3If2,3.4,400,300,0.665,3,1,22
1Jf2,1.3,200,100,0.9,3,1,22
2Jf2,1.8,200,100,0.9,3,1,22
3Jf2,3.4,200,100,0.9,3,1,22
1Kf2,1.3,300,100,0.9,3,1,22
2Kf2,1.8,300,100,0.9,3,1,22
3Kf2,3.4,300,100,0.9,3,1,22
1Lf2,1.3,400,100,0.9,3,1,22
2Lf2,1.8,400,100,0.9,3,1,22
3Lf2,3.4,400,100,0.9,3,1,22
1Mf2,1.3,200,200,0.9,3,1,22
2Mf2,1.8,200,200,0.9,3,1,22
3Mf2,3.4,200,200,0.9,3,1,22
1Nf2,1.3,300,200,0.9,3,1,22
2Nf2,1.8,300,200,0.9,3,1,22
3Nf2,3.4,300,200,0.9,3,1,22
1Of2,1.3,400,200,0.9,3,1,22
2Of2,1.8,400,200,0.9,3,1,22
3Of2,3.4,400,200,0.9,3,1,22
1Pf2,1.3,200,300,0.9,3,1,22
2Pf2,1.8,200,300,0.9,3,1,22
3Pf2,3.4,200,300,0.9,3,1,22
1Qf2,1.3,300,300,0.9,3,1,22
2Qf2,1.8,300,300,0.9,3,1,22
3Qf2,3.4,300,300,0.9,3,1,22
1Rf2,1.3,400,300,0.9,3,1,22
2Rf2,1.8,400,300,0.9,3,1,22
3Rf2,3.4,400,300,0.9,3,1,22
1Sf2,1.3,200,100,1.2,3,1,22
2Sf2,1.8,200,100,1.2,3,1,22
3Sf2,3.4,200,100,1.2,3,1,22
1Tf2,1.3,300,100,1.2,3,1,22
2Tf2,1.8,300,100,1.2,3,1,22
3Tf2,3.4,300,100,1.2,3,1,22
1Uf2,1.3,400,100,1.2,3,1,22
2Uf2,1.8,400,100,1.2,3,1,22
3Uf2,3.4,400,100,1.2,3,1,22
1Vf2,1.3,200,200,1.2,3,1,22
2Vf2,1.8,200,200,1.2,3,1,22
3Vf2,3.4,200,200,1.2,3,1,22
1Wf2,1.3,300,200,1.2,3,1,22
2Wf2,1.8,300,200,1.2,3,1,22
3Wf2,3.4,300,200,1.2,3,1,22
1Xf2,1.3,400,200,1.2,3,1,22
2Xf2,1.8,400,200,1.2,3,1,22
3Xf2,3.4,400,200,1.2,3,1,22
1Yf2,1.3,200,300,1.2,3,1,22
2Yf2,1.8,200,300,1.2,3,1,22
3Yf2,3.4,200,300,1.2,3,1,22
1Zf2,1.3,300,300,1.2,3,1,22
2Zf2,1.8,300,300,1.2,3,1,22
3Zf2,3.4,300,300,1.2,3,1,22
1AAf2,1.3,400,300,1.2,3,1,22
2AAf2,1.8,400,300,1.2,3,1,22
3AAf2,3.4,400,300,1.2,3,1,22
1Ag2,1.3,200,100,0.665,1,1.4,22
2Ag2,1.8,200,100,0.665,1,1.4,22
3Ag2,3.4,200,100,0.665,1,1.4,22
1Bg2,1.3,300,100,0.665,1,1.4,22
2Bg2,1.8,300,100,0.665,1,1.4,22
3Bg2,3.4,300,100,0.665,1,1.4,22
1Cg2,1.3,400,100,0.665,1,1.4,22
2Cg2,1.8,400,100,0.665,1,1.4,22
3Cg2,3.4,400,100,0.665,1,1.4,22
1Dg2,1.3,200,200,0.665,1,1.4,22
2Dg2,1.8,200,200,0.665,1,1.4,22
3Dg2,3.4,200,200,0.665,1,1.4,22
1Eg2,1.3,300,200,0.665,1,1.4,22
2Eg2,1.8,300,200,0.665,1,1.4,22
3Eg2,3.4,300,200,0.665,1,1.4,22
1Fg2,1.3,400,200,0.665,1,1.4,22
2Fg2,1.8,400,200,0.665,1,1.4,22
3Fg2,3.4,400,200,0.665,1,1.4,22
1Gg2,1.3,200,300,0.665,1,1.4,22
2Gg2,1.8,200,300,0.665,1,1.4,22
3Gg2,3.4,200,300,0.665,1,1.4,22
1Hg2,1.3,300,300,0.665,1,1.4,22
2Hg2,1.8,300,300,0.665,1,1.4,22
3Hg2,3.4,300,300,0.665,1,1.4,22
1Ig2,1.3,400,300,0.665,1,1.4,22
2Ig2,1.8,400,300,0.665,1,1.4,22
3Ig2,3.4,400,300,0.665,1,1.4,22
1Jg2,1.3,200,100,0.9,1,1.4,22
2Jg2,1.8,200,100,0.9,1,1.4,22
3Jg2,3.4,200,100,0.9,1,1.4,22
1Kg2,1.3,300,100,0.9,1,1.4,22
2Kg2,1.8,300,100,0.9,1,1.4,22
3Kg2,3.4,300,100,0.9,1,1.4,22
1Lg2,1.3,400,100,0.9,1,1.4,22
2Lg2,1.8,400,100,0.9,1,1.4,22
3Lg2,3.4,400,100,0.9,1,1.4,22
1Mg2,1.3,200,200,0.9,1,1.4,22
2Mg2,1.8,200,200,0.9,1,1.4,22
3Mg2,3.4,200,200,0.9,1,1.4,22
1Ng2,1.3,300,200,0.9,1,1.4,22
2Ng2,1.8,300,200,0.9,1,1.4,22
3Ng2,3.4,300,200,0.9,1,1.4,22
1Og2,1.3,400,200,0.9,1,1.4,22
2Og2,1.8,400,200,0.9,1,1.4,22
3Og2,3.4,400,200,0.9,1,1.4,22
1Pg2,1.3,200,300,0.9,1,1.4,22
2Pg2,1.8,200,300,0.9,1,1.4,22
3Pg2,3.4,200,300,0.9,1,1.4,22
1Qg2,1.3,300,300,0.9,1,1.4,22
2Qg2,1.8,300,300,0.9,1,1.4,22
3Qg2,3.4,300,300,0.9,1,1.4,22
1Rg2,1.3,400,300,0.9,1,1.4,22
2Rg2,1.8,400,300,0.9,1,1.4,22
3Rg2,3.4,400,300,0.9,1,1.4,22
1Sg2,1.3,200,100,1.2,1,1.4,22
2Sg2,1.8,200,100,1.2,1,1.4,22
3Sg2,3.4,200,100,1.2,1,1.4,22
1Tg2,1.3,300,100,1.2,1,1.4,22
2Tg2,1.8,300,100,1.2,1,1.4,22
3Tg2,3.4,300,100,1.2,1,1.4,22
1Ug2,1.3,400,100,1.2,1,1.4,22
2Ug2,1.8,400,100,1.2,1,1.4,22
3Ug2,3.4,400,100,1.2,1,1.4,22
1Vg2,1.3,200,200,1.2,1,1.4,22
2Vg2,1.8,200,200,1.2,1,1.4,22
3Vg2,3.4,200,200,1.2,1,1.4,22
1Wg2,1.3,300,200,1.2,1,1.4,22
2Wg2,1.8,300,200,1.2,1,1.4,22
3Wg2,3.4,300,200,1.2,1,1.4,22
1Xg2,1.3,400,200,1.2,1,1.4,22
2Xg2,1.8,400,200,1.2,1,1.4,22
3Xg2,3.4,400,200,1.2,1,1.4,22
1Yg2,1.3,200,300,1.2,1,1.4,22
2Yg2,1.8,200,300,1.2,1,1.4,22
3Yg2,3.4,200,300,1.2,1,1.4,22
1Zg2,1.3,300,300,1.2,1,1.4,22
2Zg2,1.8,300,300,1.2,1,1.4,22
3Zg2,3.4,300,300,1.2,1,1.4,22
1AAg2,1.3,400,300,1.2,1,1.4,22
2AAg2,1.8,400,300,1.2,1,1.4,22
3AAg2,3.4,400,300,1.2,1,1.4,22
1Ah2,1.3,200,100,0.665,2,1.4,22
2Ah2,1.8,200,100,0.665,2,1.4,22
3Ah2,3.4,200,100,0.665,2,1.4,22
1Bh2,1.3,300,100,0.665,2,1.4,22
2Bh2,1.8,300,100,0.665,2,1.4,22
3Bh2,3.4,300,100,0.665,2,1.4,22
1Ch2,1.3,400,100,0.665,2,1.4,22
2Ch2,1.8,400,100,0.665,2,1.4,22
3Ch2,3.4,400,100,0.665,2,1.4,22
1Dh2,1.3,200,200,0.665,2,1.4,22
2Dh2,1.8,200,200,0.665,2,1.4,22
3Dh2,3.4,200,200,0.665,2,1.4,22
1Eh2,1.3,300,200,0.665,2,1.4,22
2Eh2,1.8,300,200,0.665,2,1.4,22
3Eh2,3.4,300,200,0.665,2,1.4,22
1Fh2,1.3,400,200,0.665,2,1.4,22
2Fh2,1.8,400,200,0.665,2,1.4,22
3Fh2,3.4,400,200,0.665,2,1.4,22
1Gh2,1.3,200,300,0.665,2,1.4,22
2Gh2,1.8,200,300,0.665,2,1.4,22
3Gh2,3.4,200,300,0.665,2,1.4,22
1Hh2,1.3,300,300,0.665,2,1.4,22
2Hh2,1.8,300,300,0.665,2,1.4,22
3Hh2,3.4,300,300,0.665,2,1.4,22
1Ih2,1.3,400,300,0.665,2,1.4,22
2Ih2,1.8,400,300,0.665,2,1.4,22
3Ih2,3.4,400,300,0.665,2,1.4,22
1Jh2,1.3,200,100,0.9,2,1.4,22
2Jh2,1.8,200,100,0.9,2,1.4,22
3Jh2,3.4,200,100,0.9,2,1.4,22
1Kh2,1.3,300,100,0.9,2,1.4,22
2Kh2,1.8,300,100,0.9,2,1.4,22
3Kh2,3.4,300,100,0.9,2,1.4,22
1Lh2,1.3,400,100,0.9,2,1.4,22
2Lh2,1.8,400,100,0.9,2,1.4,22
3Lh2,3.4,400,100,0.9,2,1.4,22
1Mh2,1.3,200,200,0.9,2,1.4,22
2Mh2,1.8,200,200,0.9,2,1.4,22
3Mh2,3.4,200,200,0.9,2,1.4,22
1Nh2,1.3,300,200,0.9,2,1.4,22
2Nh2,1.8,300,200,0.9,2,1.4,22
3Nh2,3.4,300,200,0.9,2,1.4,22
1Oh2,1.3,400,200,0.9,2,1.4,22
2Oh2,1.8,400,200,0.9,2,1.4,22
3Oh2,3.4,400,200,0.9,2,1.4,22
1Ph2,1.3,200,300,0.9,2,1.4,22
2Ph2,1.8,200,300,0.9,2,1.4,22
3Ph2,3.4,200,300,0.9,2,1.4,22
1Qh2,1.3,300,300,0.9,2,1.4,22
2Qh2,1.8,300,300,0.9,2,1.4,22
3Qh2,3.4,300,300,0.9,2,1.4,22
1Rh2,1.3,400,300,0.9,2,1.4,22
2Rh2,1.8,400,300,0.9,2,1.4,22
3Rh2,3.4,400,300,0.9,2,1.4,22
1Sh2,1.3,200,100,1.2,2,1.4,22
2Sh2,1.8,200,100,1.2,2,1.4,22
3Sh2,3.4,200,100,1.2,2,1.4,22
1Th2,1.3,300,100,1.2,2,1.4,22
2Th2,1.8,300,100,1.2,2,1.4,22
3Th2,3.4,300,100,1.2,2,1.4,22
1Uh2,1.3,400,100,1.2,2,1.4,22
2Uh2,1.8,400,100,1.2,2,1.4,22
3Uh2,3.4,400,100,1.2,2,1.4,22
1Vh2,1.3,200,200,1.2,2,1.4,22
2Vh2,1.8,200,200,1.2,2,1.4,22
3Vh2,3.4,200,200,1.2,2,1.4,22
1Wh2,1.3,300,200,1.2,2,1.4,22
2Wh2,1.8,300,200,1.2,2,1.4,22
3Wh2,3.4,300,200,1.2,2,1.4,22
1Xh2,1.3,400,200,1.2,2,1.4,22
2Xh2,1.8,400,200,1.2,2,1.4,22
3Xh2,3.4,400,200,1.2,2,1.4,22
1Yh2,1.3,200,300,1.2,2,1.4,22
2Yh2,1.8,200,300,1.2,2,1.4,22
3Yh2,3.4,200,300,1.2,2,1.4,22
1Zh2,1.3,300,300,1.2,2,1.4,22
2Zh2,1.8,300,300,1.2,2,1.4,22
3Zh2,3.4,300,300,1.2,2,1.4,22
1AAh2,1.3,400,300,1.2,2,1.4,22
2AAh2,1.8,400,300,1.2,2,1.4,22
3AAh2,3.4,400,300,1.2,2,1.4,22
1Ai2,1.3,200,100,0.665,3,1.4,22
2Ai2,1.8,200,100,0.665,3,1.4,22
3Ai2,3.4,200,100,0.665,3,1.4,22
1Bi2,1.3,300,100,0.665,3,1.4,22
2Bi2,1.8,300,100,0.665,3,1.4,22
3Bi2,3.4,300,100,0.665,3,1.4,22
1Ci2,1.3,400,100,0.665,3,1.4,22
2Ci2,1.8,400,100,0.665,3,1.4,22
3Ci2,3.4,400,100,0.665,3,1.4,22
1Di2,1.3,200,200,0.665,3,1.4,22
2Di2,1.8,200,200,0.665,3,1.4,22
3Di2,3.4,200,200,0.665,3,1.4,22
1Ei2,1.3,300,200,0.665,3,1.4,22
2Ei2,1.8,300,200,0.665,3,1.4,22
3Ei2,3.4,300,200,0.665,3,1.4,22
1Fi2,1.3,400,200,0.665,3,1.4,22
2Fi2,1.8,400,200,0.665,3,1.4,22
3Fi2,3.4,400,200,0.665,3,1.4,22
1Gi2,1.3,200,300,0.665,3,1.4,22
2Gi2,1.8,200,300,0.665,3,1.4,22
3Gi2,3.4,200,300,0.665,3,1.4,22
1Hi2,1.3,300,300,0.665,3,1.4,22
2Hi2,1.8,300,300,0.665,3,1.4,22
3Hi2,3.4,300,300,0.665,3,1.4,22
1Ii2,1.3,400,300,0.665,3,1.4,22
2Ii2,1.8,400,300,0.665,3,1.4,22
3Ii2,3.4,400,300,0.665,3,1.4,22
1Ji2,1.3,200,100,0.9,3,1.4,22
2Ji2,1.8,200,100,0.9,3,1.4,22
3Ji2,3.4,200,100,0.9,3,1.4,22
1Ki2,1.3,300,100,0.9,3,1.4,22
2Ki2,1.8,300,100,0.9,3,1.4,22
3Ki2,3.4,300,100,0.9,3,1.4,22
1Li2,1.3,400,100,0.9,3,1.4,22
2Li2,1.8,400,100,0.9,3,1.4,22
3Li2,3.4,400,100,0.9,3,1.4,22
1Mi2,1.3,200,200,0.9,3,1.4,22
2Mi2,1.8,200,200,0.9,3,1.4,22
3Mi2,3.4,200,200,0.9,3,1.4,22
1Ni2,1.3,300,200,0.9,3,1.4,22
2Ni2,1.8,300,200,0.9,3,1.4,22
3Ni2,3.4,300,200,0.9,3,1.4,22
1Oi2,1.3,400,200,0.9,3,1.4,22
2Oi2,1.8,400,200,0.9,3,1.4,22
3Oi2,3.4,400,200,0.9,3,1.4,22
1Pi2,1.3,200,300,0.9,3,1.4,22
2Pi2,1.8,200,300,0.9,3,1.4,22
3Pi2,3.4,200,300,0.9,3,1.4,22
1Qi2,1.3,300,300,0.9,3,1.4,22
2Qi2,1.8,300,300,0.9,3,1.4,22
3Qi2,3.4,300,300,0.9,3,1.4,22
1Ri2,1.3,400,300,0.9,3,1.4,22
2Ri2,1.8,400,300,0.9,3,1.4,22
3Ri2,3.4,400,300,0.9,3,1.4,22
1Si2,1.3,200,100,1.2,3,1.4,22
2Si2,1.8,200,100,1.2,3,1.4,22
3Si2,3.4,200,100,1.2,3,1.4,22
1Ti2,1.3,300,100,1.2,3,1.4,22
2Ti2,1.8,300,100,1.2,3,1.4,22
3Ti2,3.4,300,100,1.2,3,1.4,22
1Ui2,1.3,400,100,1.2,3,1.4,22
2Ui2,1.8,400,100,1.2,3,1.4,22
3Ui2,3.4,400,100,1.2,3,1.4,22
1Vi2,1.3,200,200,1.2,3,1.4,22
2Vi2,1.8,200,200,1.2,3,1.4,22
3Vi2,3.4,200,200,1.2,3,1.4,22
1Wi2,1.3,300,200,1.2,3,1.4,22
2Wi2,1.8,300,200,1.2,3,1.4,22
3Wi2,3.4,300,200,1.2,3,1.4,22
1Xi2,1.3,400,200,1.2,3,1.4,22
2Xi2,1.8,400,200,1.2,3,1.4,22
3Xi2,3.4,400,200,1.2,3,1.4,22
1Yi2,1.3,200,300,1.2,3,1.4,22
2Yi2,1.8,200,300,1.2,3,1.4,22
3Yi2,3.4,200,300,1.2,3,1.4,22
1Zi2,1.3,300,300,1.2,3,1.4,22
2Zi2,1.8,300,300,1.2,3,1.4,22
3Zi2,3.4,300,300,1.2,3,1.4,22
1AAi2,1.3,400,300,1.2,3,1.4,22
2AAi2,1.8,400,300,1.2,3,1.4,22
3AAi2,3.4,400,300,1.2,3,1.4,22
1Aa3,1.3,200,100,0.665,1,0.6,25
2Aa3,1.8,200,100,0.665,1,0.6,25
3Aa3,3.4,200,100,0.665,1,0.6,25
1Ba3,1.3,300,100,0.665,1,0.6,25
2Ba3,1.8,300,100,0.665,1,0.6,25
3Ba3,3.4,300,100,0.665,1,0.6,25
1Ca3,1.3,400,100,0.665,1,0.6,25
2Ca3,1.8,400,100,0.665,1,0.6,25
3Ca3,3.4,400,100,0.665,1,0.6,25
1Da3,1.3,200,200,0.665,1,0.6,25
2Da3,1.8,200,200,0.665,1,0.6,25
3Da3,3.4,200,200,0.665,1,0.6,25
1Ea3,1.3,300,200,0.665,1,0.6,25
2Ea3,1.8,300,200,0.665,1,0.6,25
3Ea3,3.4,300,200,0.665,1,0.6,25
1Fa3,1.3,400,200,0.665,1,0.6,25
2Fa3,1.8,400,200,0.665,1,0.6,25
3Fa3,3.4,400,200,0.665,1,0.6,25
1Ga3,1.3,200,300,0.665,1,0.6,25
2Ga3,1.8,200,300,0.665,1,0.6,25
3Ga3,3.4,200,300,0.665,1,0.6,25
1Ha3,1.3,300,300,0.665,1,0.6,25
2Ha3,1.8,300,300,0.665,1,0.6,25
3Ha3,3.4,300,300,0.665,1,0.6,25
1Ia3,1.3,400,300,0.665,1,0.6,25
2Ia3,1.8,400,300,0.665,1,0.6,25
3Ia3,3.4,400,300,0.665,1,0.6,25
1Ja3,1.3,200,100,0.9,1,0.6,25
2Ja3,1.8,200,100,0.9,1,0.6,25
3Ja3,3.4,200,100,0.9,1,0.6,25
1Ka3,1.3,300,100,0.9,1,0.6,25
2Ka3,1.8,300,100,0.9,1,0.6,25
3Ka3,3.4,300,100,0.9,1,0.6,25
1La3,1.3,400,100,0.9,1,0.6,25
2La3,1.8,400,100,0.9,1,0.6,25
3La3,3.4,400,100,0.9,1,0.6,25
1Ma3,1.3,200,200,0.9,1,0.6,25
2Ma3,1.8,200,200,0.9,1,0.6,25
3Ma3,3.4,200,200,0.9,1,0.6,25
1Na3,1.3,300,200,0.9,1,0.6,25
2Na3,1.8,300,200,0.9,1,0.6,25
3Na3,3.4,300,200,0.9,1,0.6,25
1Oa3,1.3,400,200,0.9,1,0.6,25
2Oa3,1.8,400,200,0.9,1,0.6,25
3Oa3,3.4,400,200,0.9,1,0.6,25
1Pa3,1.3,200,300,0.9,1,0.6,25
2Pa3,1.8,200,300,0.9,1,0.6,25
3Pa3,3.4,200,300,0.9,1,0.6,25
1Qa3,1.3,300,300,0.9,1,0.6,25
2Qa3,1.8,300,300,0.9,1,0.6,25
3Qa3,3.4,300,300,0.9,1,0.6,25
1Ra3,1.3,400,300,0.9,1,0.6,25
2Ra3,1.8,400,300,0.9,1,0.6,25
3Ra3,3.4,400,300,0.9,1,0.6,25
1Sa3,1.3,200,100,1.2,1,0.6,25
2Sa3,1.8,200,100,1.2,1,0.6,25
3Sa3,3.4,200,100,1.2,1,0.6,25
1Ta3,1.3,300,100,1.2,1,0.6,25
2Ta3,1.8,300,100,1.2,1,0.6,25
3Ta3,3.4,300,100,1.2,1,0.6,25
1Ua3,1.3,400,100,1.2,1,0.6,25
2Ua3,1.8,400,100,1.2,1,0.6,25
3Ua3,3.4,400,100,1.2,1,0.6,25
1Va3,1.3,200,200,1.2,1,0.6,25
2Va3,1.8,200,200,1.2,1,0.6,25
3Va3,3.4,200,200,1.2,1,0.6,25
1Wa3,1.3,300,200,1.2,1,0.6,25
2Wa3,1.8,300,200,1.2,1,0.6,25
3Wa3,3.4,300,200,1.2,1,0.6,25
1Xa3,1.3,400,200,1.2,1,0.6,25
2Xa3,1.8,400,200,1.2,1,0.6,25
3Xa3,3.4,400,200,1.2,1,0.6,25
1Ya3,1.3,200,300,1.2,1,0.6,25
2Ya3,1.8,200,300,1.2,1,0.6,25
3Ya3,3.4,200,300,1.2,1,0.6,25
1Za3,1.3,300,300,1.2,1,0.6,25
2Za3,1.8,300,300,1.2,1,0.6,25
3Za3,3.4,300,300,1.2,1,0.6,25
1AAa3,1.3,400,300,1.2,1,0.6,25
2AAa3,1.8,400,300,1.2,1,0.6,25
3AAa3,3.4,400,300,1.2,1,0.6,25
1Ab3,1.3,200,100,0.665,2,0.6,25
2Ab3,1.8,200,100,0.665,2,0.6,25
3Ab3,3.4,200,100,0.665,2,0.6,25
1Bb3,1.3,300,100,0.665,2,0.6,25
2Bb3,1.8,300,100,0.665,2,0.6,25
3Bb3,3.4,300,100,0.665,2,0.6,25
1Cb3,1.3,400,100,0.665,2,0.6,25
2Cb3,1.8,400,100,0.665,2,0.6,25
3Cb3,3.4,400,100,0.665,2,0.6,25
1Db3,1.3,200,200,0.665,2,0.6,25
2Db3,1.8,200,200,0.665,2,0.6,25
3Db3,3.4,200,200,0.665,2,0.6,25
1Eb3,1.3,300,200,0.665,2,0.6,25
2Eb3,1.8,300,200,0.665,2,0.6,25
3Eb3,3.4,300,200,0.665,2,0.6,25
1Fb3,1.3,400,200,0.665,2,0.6,25
2Fb3,1.8,400,200,0.665,2,0.6,25
3Fb3,3.4,400,200,0.665,2,0.6,25
1Gb3,1.3,200,300,0.665,2,0.6,25
2Gb3,1.8,200,300,0.665,2,0.6,25
3Gb3,3.4,200,300,0.665,2,0.6,25
1Hb3,1.3,300,300,0.665,2,0.6,25
2Hb3,1.8,300,300,0.665,2,0.6,25
3Hb3,3.4,300,300,0.665,2,0.6,25
1Ib3,1.3,400,300,0.665,2,0.6,25
2Ib3,1.8,400,300,0.665,2,0.6,25
3Ib3,3.4,400,300,0.665,2,0.6,25
1Jb3,1.3,200,100,0.9,2,0.6,25
2Jb3,1.8,200,100,0.9,2,0.6,25
3Jb3,3.4,200,100,0.9,2,0.6,25
1Kb3,1.3,300,100,0.9,2,0.6,25
2Kb3,1.8,300,100,0.9,2,0.6,25
3Kb3,3.4,300,100,0.9,2,0.6,25
1Lb3,1.3,400,100,0.9,2,0.6,25
2Lb3,1.8,400,100,0.9,2,0.6,25
3Lb3,3.4,400,100,0.9,2,0.6,25
1Mb3,1.3,200,200,0.9,2,0.6,25
2Mb3,1.8,200,200,0.9,2,0.6,25
3Mb3,3.4,200,200,0.9,2,0.6,25
1Nb3,1.3,300,200,0.9,2,0.6,25
2Nb3,1.8,300,200,0.9,2,0.6,25
3Nb3,3.4,300,200,0.9,2,0.6,25
1Ob3,1.3,400,200,0.9,2,0.6,25
2Ob3,1.8,400,200,0.9,2,0.6,25
3Ob3,3.4,400,200,0.9,2,0.6,25
1Pb3,1.3,200,300,0.9,2,0.6,25
2Pb3,1.8,200,300,0.9,2,0.6,25
3Pb3,3.4,200,300,0.9,2,0.6,25
1Qb3,1.3,300,300,0.9,2,0.6,25
2Qb3,1.8,300,300,0.9,2,0.6,25
3Qb3,3.4,300,300,0.9,2,0.6,25
1Rb3,1.3,400,300,0.9,2,0.6,25
2Rb3,1.8,400,300,0.9,2,0.6,25
3Rb3,3.4,400,300,0.9,2,0.6,25
1Sb3,1.3,200,100,1.2,2,0.6,25
2Sb3,1.8,200,100,1.2,2,0.6,25
3Sb3,3.4,200,100,1.2,2,0.6,25
1Tb3,1.3,300,100,1.2,2,0.6,25
2Tb3,1.8,300,100,1.2,2,0.6,25
3Tb3,3.4,300,100,1.2,2,0.6,25
1Ub3,1.3,400,100,1.2,2,0.6,25
2Ub3,1.8,400,100,1.2,2,0.6,25
3Ub3,3.4,400,100,1.2,2,0.6,25
1Vb3,1.3,200,200,1.2,2,0.6,25
2Vb3,1.8,200,200,1.2,2,0.6,25
3Vb3,3.4,200,200,1.2,2,0.6,25
1Wb3,1.3,300,200,1.2,2,0.6,25
2Wb3,1.8,300,200,1.2,2,0.6,25
3Wb3,3.4,300,200,1.2,2,0.6,25
1Xb3,1.3,400,200,1.2,2,0.6,25
2Xb3,1.8,400,200,1.2,2,0.6,25
3Xb3,3.4,400,200,1.2,2,0.6,25
1Yb3,1.3,200,300,1.2,2,0.6,25
2Yb3,1.8,200,300,1.2,2,0.6,25
3Yb3,3.4,200,300,1.2,2,0.6,25
1Zb3,1.3,300,300,1.2,2,0.6,25
2Zb3,1.8,300,300,1.2,2,0.6,25
3Zb3,3.4,300,300,1.2,2,0.6,25
1AAb3,1.3,400,300,1.2,2,0.6,25
2AAb3,1.8,400,300,1.2,2,0.6,25
3AAb3,3.4,400,300,1.2,2,0.6,25
1Ac3,1.3,200,100,0.665,3,0.6,25
2Ac3,1.8,200,100,0.665,3,0.6,25
3Ac3,3.4,200,100,0.665,3,0.6,25
1Bc3,1.3,300,100,0.665,3,0.6,25
2Bc3,1.8,300,100,0.665,3,0.6,25
3Bc3,3.4,300,100,0.665,3,0.6,25
1Cc3,1.3,400,100,0.665,3,0.6,25
2Cc3,1.8,400,100,0.665,3,0.6,25
3Cc3,3.4,400,100,0.665,3,0.6,25
1Dc3,1.3,200,200,0.665,3,0.6,25
2Dc3,1.8,200,200,0.665,3,0.6,25
3Dc3,3.4,200,200,0.665,3,0.6,25
1Ec3,1.3,300,200,0.665,3,0.6,25
2Ec3,1.8,300,200,0.665,3,0.6,25
3Ec3,3.4,300,200,0.665,3,0.6,25
1Fc3,1.3,400,200,0.665,3,0.6,25
2Fc3,1.8,400,200,0.665,3,0.6,25
3Fc3,3.4,400,200,0.665,3,0.6,25
1Gc3,1.3,200,300,0.665,3,0.6,25
2Gc3,1.8,200,300,0.665,3,0.6,25
3Gc3,3.4,200,300,0.665,3,0.6,25
1Hc3,1.3,300,300,0.665,3,0.6,25
2Hc3,1.8,300,300,0.665,3,0.6,25
3Hc3,3.4,300,300,0.665,3,0.6,25
1Ic3,1.3,400,300,0.665,3,0.6,25
2Ic3,1.8,400,300,0.665,3,0.6,25
3Ic3,3.4,400,300,0.665,3,0.6,25
1Jc3,1.3,200,100,0.9,3,0.6,25
2Jc3,1.8,200,100,0.9,3,0.6,25
3Jc3,3.4,200,100,0.9,3,0.6,25
1Kc3,1.3,300,100,0.9,3,0.6,25
2Kc3,1.8,300,100,0.9,3,0.6,25
3Kc3,3.4,300,100,0.9,3,0.6,25
1Lc3,1.3,400,100,0.9,3,0.6,25
2Lc3,1.8,400,100,0.9,3,0.6,25
3Lc3,3.4,400,100,0.9,3,0.6,25
1Mc3,1.3,200,200,0.9,3,0.6,25
2Mc3,1.8,200,200,0.9,3,0.6,25
3Mc3,3.4,200,200,0.9,3,0.6,25
1Nc3,1.3,300,200,0.9,3,0.6,25
2Nc3,1.8,300,200,0.9,3,0.6,25
3Nc3,3.4,300,200,0.9,3,0.6,25
1Oc3,1.3,400,200,0.9,3,0.6,25
2Oc3,1.8,400,200,0.9,3,0.6,25
3Oc3,3.4,400,200,0.9,3,0.6,25
1Pc3,1.3,200,300,0.9,3,0.6,25
2Pc3,1.8,200,300,0.9,3,0.6,25
3Pc3,3.4,200,300,0.9,3,0.6,25
1Qc3,1.3,300,300,0.9,3,0.6,25
2Qc3,1.8,300,300,0.9,3,0.6,25
3Qc3,3.4,300,300,0.9,3,0.6,25
1Rc3,1.3,400,300,0.9,3,0.6,25
2Rc3,1.8,400,300,0.9,3,0.6,25
3Rc3,3.4,400,300,0.9,3,0.6,25
1Sc3,1.3,200,100,1.2,3,0.6,25
2Sc3,1.8,200,100,1.2,3,0.6,25
3Sc3,3.4,200,100,1.2,3,0.6,25
1Tc3,1.3,300,100,1.2,3,0.6,25
2Tc3,1.8,300,100,1.2,3,0.6,25
3Tc3,3.4,300,100,1.2,3,0.6,25
1Uc3,1.3,400,100,1.2,3,0.6,25
2Uc3,1.8,400,100,1.2,3,0.6,25
3Uc3,3.4,400,100,1.2,3,0.6,25
1Vc3,1.3,200,200,1.2,3,0.6,25
2Vc3,1.8,200,200,1.2,3,0.6,25
3Vc3,3.4,200,200,1.2,3,0.6,25
1Wc3,1.3,300,200,1.2,3,0.6,25
2Wc3,1.8,300,200,1.2,3,0.6,25
3Wc3,3.4,300,200,1.2,3,0.6,25
1Xc3,1.3,400,200,1.2,3,0.6,25
2Xc3,1.8,400,200,1.2,3,0.6,25
3Xc3,3.4,400,200,1.2,3,0.6,25
1Yc3,1.3,200,300,1.2,3,0.6,25
2Yc3,1.8,200,300,1.2,3,0.6,25
3Yc3,3.4,200,300,1.2,3,0.6,25
1Zc3,1.3,300,300,1.2,3,0.6,25
2Zc3,1.8,300,300,1.2,3,0.6,25
3Zc3,3.4,300,300,1.2,3,0.6,25
1AAc3,1.3,400,300,1.2,3,0.6,25
2AAc3,1.8,400,300,1.2,3,0.6,25
3AAc3,3.4,400,300,1.2,3,0.6,25
1Ad3,1.3,200,100,0.665,1,1,25
2Ad3,1.8,200,100,0.665,1,1,25
3Ad3,3.4,200,100,0.665,1,1,25
1Bd3,1.3,300,100,0.665,1,1,25
2Bd3,1.8,300,100,0.665,1,1,25
3Bd3,3.4,300,100,0.665,1,1,25
1Cd3,1.3,400,100,0.665,1,1,25
2Cd3,1.8,400,100,0.665,1,1,25
3Cd3,3.4,400,100,0.665,1,1,25
1Dd3,1.3,200,200,0.665,1,1,25
2Dd3,1.8,200,200,0.665,1,1,25
3Dd3,3.4,200,200,0.665,1,1,25
1Ed3,1.3,300,200,0.665,1,1,25
2Ed3,1.8,300,200,0.665,1,1,25
3Ed3,3.4,300,200,0.665,1,1,25
1Fd3,1.3,400,200,0.665,1,1,25
2Fd3,1.8,400,200,0.665,1,1,25
3Fd3,3.4,400,200,0.665,1,1,25
1Gd3,1.3,200,300,0.665,1,1,25
2Gd3,1.8,200,300,0.665,1,1,25
3Gd3,3.4,200,300,0.665,1,1,25
1Hd3,1.3,300,300,0.665,1,1,25
2Hd3,1.8,300,300,0.665,1,1,25
3Hd3,3.4,300,300,0.665,1,1,25
1Id3,1.3,400,300,0.665,1,1,25
2Id3,1.8,400,300,0.665,1,1,25
3Id3,3.4,400,300,0.665,1,1,25
1Jd3,1.3,200,100,0.9,1,1,25
2Jd3,1.8,200,100,0.9,1,1,25
3Jd3,3.4,200,100,0.9,1,1,25
1Kd3,1.3,300,100,0.9,1,1,25
2Kd3,1.8,300,100,0.9,1,1,25
3Kd3,3.4,300,100,0.9,1,1,25
1Ld3,1.3,400,100,0.9,1,1,25
2Ld3,1.8,400,100,0.9,1,1,25
3Ld3,3.4,400,100,0.9,1,1,25
1Md3,1.3,200,200,0.9,1,1,25
2Md3,1.8,200,200,0.9,1,1,25
3Md3,3.4,200,200,0.9,1,1,25
1Nd3,1.3,300,200,0.9,1,1,25
2Nd3,1.8,300,200,0.9,1,1,25
3Nd3,3.4,300,200,0.9,1,1,25
1Od3,1.3,400,200,0.9,1,1,25
2Od3,1.8,400,200,0.9,1,1,25
3Od3,3.4,400,200,0.9,1,1,25
1Pd3,1.3,200,300,0.9,1,1,25
2Pd3,1.8,200,300,0.9,1,1,25
3Pd3,3.4,200,300,0.9,1,1,25
1Qd3,1.3,300,300,0.9,1,1,25
2Qd3,1.8,300,300,0.9,1,1,25
3Qd3,3.4,300,300,0.9,1,1,25
1Rd3,1.3,400,300,0.9,1,1,25
2Rd3,1.8,400,300,0.9,1,1,25
3Rd3,3.4,400,300,0.9,1,1,25
1Sd3,1.3,200,100,1.2,1,1,25
2Sd3,1.8,200,100,1.2,1,1,25
3Sd3,3.4,200,100,1.2,1,1,25
1Td3,1.3,300,100,1.2,1,1,25
2Td3,1.8,300,100,1.2,1,1,25
3Td3,3.4,300,100,1.2,1,1,25
1Ud3,1.3,400,100,1.2,1,1,25
2Ud3,1.8,400,100,1.2,1,1,25
3Ud3,3.4,400,100,1.2,1,1,25
1Vd3,1.3,200,200,1.2,1,1,25
2Vd3,1.8,200,200,1.2,1,1,25
3Vd3,3.4,200,200,1.2,1,1,25
1Wd3,1.3,300,200,1.2,1,1,25
2Wd3,1.8,300,200,1.2,1,1,25
3Wd3,3.4,300,200,1.2,1,1,25
1Xd3,1.3,400,200,1.2,1,1,25
2Xd3,1.8,400,200,1.2,1,1,25
3Xd3,3.4,400,200,1.2,1,1,25
1Yd3,1.3,200,300,1.2,1,1,25
2Yd3,1.8,200,300,1.2,1,1,25
3Yd3,3.4,200,300,1.2,1,1,25
1Zd3,1.3,300,300,1.2,1,1,25
2Zd3,1.8,300,300,1.2,1,1,25
3Zd3,3.4,300,300,1.2,1,1,25
1AAd3,1.3,400,300,1.2,1,1,25
2AAd3,1.8,400,300,1.2,1,1,25
3AAd3,3.4,400,300,1.2,1,1,25
1Ae3,1.3,200,100,0.665,2,1,25
2Ae3,1.8,200,100,0.665,2,1,25
3Ae3,3.4,200,100,0.665,2,1,25
1Be3,1.3,300,100,0.665,2,1,25
2Be3,1.8,300,100,0.665,2,1,25
3Be3,3.4,300,100,0.665,2,1,25
1Ce3,1.3,400,100,0.665,2,1,25
2Ce3,1.8,400,100,0.665,2,1,25
3Ce3,3.4,400,100,0.665,2,1,25
1De3,1.3,200,200,0.665,2,1,25
2De3,1.8,200,200,0.665,2,1,25
3De3,3.4,200,200,0.665,2,1,25
1Ee3,1.3,300,200,0.665,2,1,25
2Ee3,1.8,300,200,0.665,2,1,25
3Ee3,3.4,300,200,0.665,2,1,25
1Fe3,1.3,400,200,0.665,2,1,25
2Fe3,1.8,400,200,0.665,2,1,25
3Fe3,3.4,400,200,0.665,2,1,25
1Ge3,1.3,200,300,0.665,2,1,25
2Ge3,1.8,200,300,0.665,2,1,25
3Ge3,3.4,200,300,0.665,2,1,25
1He3,1.3,300,300,0.665,2,1,25
2He3,1.8,300,300,0.665,2,1,25
3He3,3.4,300,300,0.665,2,1,25
1Ie3,1.3,400,300,0.665,2,1,25
2Ie3,1.8,400,300,0.665,2,1,25
3Ie3,3.4,400,300,0.665,2,1,25
1Je3,1.3,200,100,0.9,2,1,25
2Je3,1.8,200,100,0.9,2,1,25
3Je3,3.4,200,100,0.9,2,1,25
1Ke3,1.3,300,100,0.9,2,1,25
2Ke3,1.8,300,100,0.9,2,1,25
3Ke3,3.4,300,100,0.9,2,1,25
1Le3,1.3,400,100,0.9,2,1,25
2Le3,1.8,400,100,0.9,2,1,25
3Le3,3.4,400,100,0.9,2,1,25
1Me3,1.3,200,200,0.9,2,1,25
2Me3,1.8,200,200,0.9,2,1,25
3Me3,3.4,200,200,0.9,2,1,25
1Ne3,1.3,300,200,0.9,2,1,25
2Ne3,1.8,300,200,0.9,2,1,25
3Ne3,3.4,300,200,0.9,2,1,25
1Oe3,1.3,400,200,0.9,2,1,25
2Oe3,1.8,400,200,0.9,2,1,25
3Oe3,3.4,400,200,0.9,2,1,25
1Pe3,1.3,200,300,0.9,2,1,25
2Pe3,1.8,200,300,0.9,2,1,25
3Pe3,3.4,200,300,0.9,2,1,25
1Qe3,1.3,300,300,0.9,2,1,25
2Qe3,1.8,300,300,0.9,2,1,25
3Qe3,3.4,300,300,0.9,2,1,25
1Re3,1.3,400,300,0.9,2,1,25
2Re3,1.8,400,300,0.9,2,1,25
3Re3,3.4,400,300,0.9,2,1,25
1Se3,1.3,200,100,1.2,2,1,25
2Se3,1.8,200,100,1.2,2,1,25
3Se3,3.4,200,100,1.2,2,1,25
1Te3,1.3,300,100,1.2,2,1,25
2Te3,1.8,300,100,1.2,2,1,25
3Te3,3.4,300,100,1.2,2,1,25
1Ue3,1.3,400,100,1.2,2,1,25
2Ue3,1.8,400,100,1.2,2,1,25
3Ue3,3.4,400,100,1.2,2,1,25
1Ve3,1.3,200,200,1.2,2,1,25
2Ve3,1.8,200,200,1.2,2,1,25
3Ve3,3.4,200,200,1.2,2,1,25
1We3,1.3,300,200,1.2,2,1,25
2We3,1.8,300,200,1.2,2,1,25
3We3,3.4,300,200,1.2,2,1,25
1Xe3,1.3,400,200,1.2,2,1,25
2Xe3,1.8,400,200,1.2,2,1,25
3Xe3,3.4,400,200,1.2,2,1,25
1Ye3,1.3,200,300,1.2,2,1,25
2Ye3,1.8,200,300,1.2,2,1,25
3Ye3,3.4,200,300,1.2,2,1,25
1Ze3,1.3,300,300,1.2,2,1,25
2Ze3,1.8,300,300,1.2,2,1,25
3Ze3,3.4,300,300,1.2,2,1,25
1AAe3,1.3,400,300,1.2,2,1,25
2AAe3,1.8,400,300,1.2,2,1,25
3AAe3,3.4,400,300,1.2,2,1,25
1Af3,1.3,200,100,0.665,3,1,25
2Af3,1.8,200,100,0.665,3,1,25
3Af3,3.4,200,100,0.665,3,1,25
1Bf3,1.3,300,100,0.665,3,1,25
2Bf3,1.8,300,100,0.665,3,1,25
3Bf3,3.4,300,100,0.665,3,1,25
1Cf3,1.3,400,100,0.665,3,1,25
2Cf3,1.8,400,100,0.665,3,1,25
3Cf3,3.4,400,100,0.665,3,1,25
1Df3,1.3,200,200,0.665,3,1,25
2Df3,1.8,200,200,0.665,3,1,25
3Df3,3.4,200,200,0.665,3,1,25
1Ef3,1.3,300,200,0.665,3,1,25
2Ef3,1.8,300,200,0.665,3,1,25
3Ef3,3.4,300,200,0.665,3,1,25
1Ff3,1.3,400,200,0.665,3,1,25
2Ff3,1.8,400,200,0.665,3,1,25
3Ff3,3.4,400,200,0.665,3,1,25
1Gf3,1.3,200,300,0.665,3,1,25
2Gf3,1.8,200,300,0.665,3,1,25
3Gf3,3.4,200,300,0.665,3,1,25
1Hf3,1.3,300,300,0.665,3,1,25
2Hf3,1.8,300,300,0.665,3,1,25
3Hf3,3.4,300,300,0.665,3,1,25
1If3,1.3,400,300,0.665,3,1,25
2If3,1.8,400,300,0.665,3,1,25
3If3,3.4,400,300,0.665,3,1,25
1Jf3,1.3,200,100,0.9,3,1,25
2Jf3,1.8,200,100,0.9,3,1,25
3Jf3,3.4,200,100,0.9,3,1,25
1Kf3,1.3,300,100,0.9,3,1,25
2Kf3,1.8,300,100,0.9,3,1,25
3Kf3,3.4,300,100,0.9,3,1,25
1Lf3,1.3,400,100,0.9,3,1,25
2Lf3,1.8,400,100,0.9,3,1,25
3Lf3,3.4,400,100,0.9,3,1,25
1Mf3,1.3,200,200,0.9,3,1,25
2Mf3,1.8,200,200,0.9,3,1,25
3Mf3,3.4,200,200,0.9,3,1,25
1Nf3,1.3,300,200,0.9,3,1,25
2Nf3,1.8,300,200,0.9,3,1,25
3Nf3,3.4,300,200,0.9,3,1,25
1Of3,1.3,400,200,0.9,3,1,25
2Of3,1.8,400,200,0.9,3,1,25
3Of3,3.4,400,200,0.9,3,1,25
1Pf3,1.3,200,300,0.9,3,1,25
2Pf3,1.8,200,300,0.9,3,1,25
3Pf3,3.4,200,300,0.9,3,1,25
1Qf3,1.3,300,300,0.9,3,1,25
2Qf3,1.8,300,300,0.9,3,1,25
3Qf3,3.4,300,300,0.9,3,1,25
1Rf3,1.3,400,300,0.9,3,1,25
2Rf3,1.8,400,300,0.9,3,1,25
3Rf3,3.4,400,300,0.9,3,1,25
1Sf3,1.3,200,100,1.2,3,1,25
2Sf3,1.8,200,100,1.2,3,1,25
3Sf3,3.4,200,100,1.2,3,1,25
1Tf3,1.3,300,100,1.2,3,1,25
2Tf3,1.8,300,100,1.2,3,1,25
3Tf3,3.4,300,100,1.2,3,1,25
1Uf3,1.3,400,100,1.2,3,1,25
2Uf3,1.8,400,100,1.2,3,1,25
3Uf3,3.4,400,100,1.2,3,1,25
1Vf3,1.3,200,200,1.2,3,1,25
2Vf3,1.8,200,200,1.2,3,1,25
3Vf3,3.4,200,200,1.2,3,1,25
1Wf3,1.3,300,200,1.2,3,1,25
2Wf3,1.8,300,200,1.2,3,1,25
3Wf3,3.4,300,200,1.2,3,1,25
1Xf3,1.3,400,200,1.2,3,1,25
2Xf3,1.8,400,200,1.2,3,1,25
3Xf3,3.4,400,200,1.2,3,1,25
1Yf3,1.3,200,300,1.2,3,1,25
2Yf3,1.8,200,300,1.2,3,1,25
3Yf3,3.4,200,300,1.2,3,1,25
1Zf3,1.3,300,300,1.2,3,1,25
2Zf3,1.8,300,300,1.2,3,1,25
3Zf3,3.4,300,300,1.2,3,1,25
1AAf3,1.3,400,300,1.2,3,1,25
2AAf3,1.8,400,300,1.2,3,1,25
3AAf3,3.4,400,300,1.2,3,1,25
1Ag3,1.3,200,100,0.665,1,1.4,25
2Ag3,1.8,200,100,0.665,1,1.4,25
3Ag3,3.4,200,100,0.665,1,1.4,25
1Bg3,1.3,300,100,0.665,1,1.4,25
2Bg3,1.8,300,100,0.665,1,1.4,25
3Bg3,3.4,300,100,0.665,1,1.4,25
1Cg3,1.3,400,100,0.665,1,1.4,25
2Cg3,1.8,400,100,0.665,1,1.4,25
3Cg3,3.4,400,100,0.665,1,1.4,25
1Dg3,1.3,200,200,0.665,1,1.4,25
2Dg3,1.8,200,200,0.665,1,1.4,25
3Dg3,3.4,200,200,0.665,1,1.4,25
1Eg3,1.3,300,200,0.665,1,1.4,25
2Eg3,1.8,300,200,0.665,1,1.4,25
3Eg3,3.4,300,200,0.665,1,1.4,25
1Fg3,1.3,400,200,0.665,1,1.4,25
2Fg3,1.8,400,200,0.665,1,1.4,25
3Fg3,3.4,400,200,0.665,1,1.4,25
1Gg3,1.3,200,300,0.665,1,1.4,25
2Gg3,1.8,200,300,0.665,1,1.4,25
3Gg3,3.4,200,300,0.665,1,1.4,25
1Hg3,1.3,300,300,0.665,1,1.4,25
2Hg3,1.8,300,300,0.665,1,1.4,25
3Hg3,3.4,300,300,0.665,1,1.4,25
1Ig3,1.3,400,300,0.665,1,1.4,25
2Ig3,1.8,400,300,0.665,1,1.4,25
3Ig3,3.4,400,300,0.665,1,1.4,25
1Jg3,1.3,200,100,0.9,1,1.4,25
2Jg3,1.8,200,100,0.9,1,1.4,25
3Jg3,3.4,200,100,0.9,1,1.4,25
1Kg3,1.3,300,100,0.9,1,1.4,25
2Kg3,1.8,300,100,0.9,1,1.4,25
3Kg3,3.4,300,100,0.9,1,1.4,25
1Lg3,1.3,400,100,0.9,1,1.4,25
2Lg3,1.8,400,100,0.9,1,1.4,25
3Lg3,3.4,400,100,0.9,1,1.4,25
1Mg3,1.3,200,200,0.9,1,1.4,25
2Mg3,1.8,200,200,0.9,1,1.4,25
3Mg3,3.4,200,200,0.9,1,1.4,25
1Ng3,1.3,300,200,0.9,1,1.4,25
2Ng3,1.8,300,200,0.9,1,1.4,25
3Ng3,3.4,300,200,0.9,1,1.4,25
1Og3,1.3,400,200,0.9,1,1.4,25
2Og3,1.8,400,200,0.9,1,1.4,25
3Og3,3.4,400,200,0.9,1,1.4,25
1Pg3,1.3,200,300,0.9,1,1.4,25
2Pg3,1.8,200,300,0.9,1,1.4,25
3Pg3,3.4,200,300,0.9,1,1.4,25
1Qg3,1.3,300,300,0.9,1,1.4,25
2Qg3,1.8,300,300,0.9,1,1.4,25
3Qg3,3.4,300,300,0.9,1,1.4,25
1Rg3,1.3,400,300,0.9,1,1.4,25
2Rg3,1.8,400,300,0.9,1,1.4,25
3Rg3,3.4,400,300,0.9,1,1.4,25
1Sg3,1.3,200,100,1.2,1,1.4,25
2Sg3,1.8,200,100,1.2,1,1.4,25
3Sg3,3.4,200,100,1.2,1,1.4,25
1Tg3,1.3,300,100,1.2,1,1.4,25
2Tg3,1.8,300,100,1.2,1,1.4,25
3Tg3,3.4,300,100,1.2,1,1.4,25
1Ug3,1.3,400,100,1.2,1,1.4,25
2Ug3,1.8,400,100,1.2,1,1.4,25
3Ug3,3.4,400,100,1.2,1,1.4,25
1Vg3,1.3,200,200,1.2,1,1.4,25
2Vg3,1.8,200,200,1.2,1,1.4,25
3Vg3,3.4,200,200,1.2,1,1.4,25
1Wg3,1.3,300,200,1.2,1,1.4,25
2Wg3,1.8,300,200,1.2,1,1.4,25
3Wg3,3.4,300,200,1.2,1,1.4,25
1Xg3,1.3,400,200,1.2,1,1.4,25
2Xg3,1.8,400,200,1.2,1,1.4,25
3Xg3,3.4,400,200,1.2,1,1.4,25
1Yg3,1.3,200,300,1.2,1,1.4,25
2Yg3,1.8,200,300,1.2,1,1.4,25
3Yg3,3.4,200,300,1.2,1,1.4,25
1Zg3,1.3,300,300,1.2,1,1.4,25
2Zg3,1.8,300,300,1.2,1,1.4,25
3Zg3,3.4,300,300,1.2,1,1.4,25
1AAg3,1.3,400,300,1.2,1,1.4,25
2AAg3,1.8,400,300,1.2,1,1.4,25
3AAg3,3.4,400,300,1.2,1,1.4,25
1Ah3,1.3,200,100,0.665,2,1.4,25
2Ah3,1.8,200,100,0.665,2,1.4,25
3Ah3,3.4,200,100,0.665,2,1.4,25
1Bh3,1.3,300,100,0.665,2,1.4,25
2Bh3,1.8,300,100,0.665,2,1.4,25
3Bh3,3.4,300,100,0.665,2,1.4,25
1Ch3,1.3,400,100,0.665,2,1.4,25
2Ch3,1.8,400,100,0.665,2,1.4,25
3Ch3,3.4,400,100,0.665,2,1.4,25
1Dh3,1.3,200,200,0.665,2,1.4,25
2Dh3,1.8,200,200,0.665,2,1.4,25
3Dh3,3.4,200,200,0.665,2,1.4,25
1Eh3,1.3,300,200,0.665,2,1.4,25
2Eh3,1.8,300,200,0.665,2,1.4,25
3Eh3,3.4,300,200,0.665,2,1.4,25
1Fh3,1.3,400,200,0.665,2,1.4,25
2Fh3,1.8,400,200,0.665,2,1.4,25
3Fh3,3.4,400,200,0.665,2,1.4,25
1Gh3,1.3,200,300,0.665,2,1.4,25
2Gh3,1.8,200,300,0.665,2,1.4,25
3Gh3,3.4,200,300,0.665,2,1.4,25
1Hh3,1.3,300,300,0.665,2,1.4,25
2Hh3,1.8,300,300,0.665,2,1.4,25
3Hh3,3.4,300,300,0.665,2,1.4,25
1Ih3,1.3,400,300,0.665,2,1.4,25
2Ih3,1.8,400,300,0.665,2,1.4,25
3Ih3,3.4,400,300,0.665,2,1.4,25
1Jh3,1.3,200,100,0.9,2,1.4,25
2Jh3,1.8,200,100,0.9,2,1.4,25
3Jh3,3.4,200,100,0.9,2,1.4,25
1Kh3,1.3,300,100,0.9,2,1.4,25
2Kh3,1.8,300,100,0.9,2,1.4,25
3Kh3,3.4,300,100,0.9,2,1.4,25
1Lh3,1.3,400,100,0.9,2,1.4,25
2Lh3,1.8,400,100,0.9,2,1.4,25
3Lh3,3.4,400,100,0.9,2,1.4,25
1Mh3,1.3,200,200,0.9,2,1.4,25
2Mh3,1.8,200,200,0.9,2,1.4,25
3Mh3,3.4,200,200,0.9,2,1.4,25
1Nh3,1.3,300,200,0.9,2,1.4,25
2Nh3,1.8,300,200,0.9,2,1.4,25
3Nh3,3.4,300,200,0.9,2,1.4,25
1Oh3,1.3,400,200,0.9,2,1.4,25
2Oh3,1.8,400,200,0.9,2,1.4,25
3Oh3,3.4,400,200,0.9,2,1.4,25
1Ph3,1.3,200,300,0.9,2,1.4,25
2Ph3,1.8,200,300,0.9,2,1.4,25
3Ph3,3.4,200,300,0.9,2,1.4,25
1Qh3,1.3,300,300,0.9,2,1.4,25
2Qh3,1.8,300,300,0.9,2,1.4,25
3Qh3,3.4,300,300,0.9,2,1.4,25
1Rh3,1.3,400,300,0.9,2,1.4,25
2Rh3,1.8,400,300,0.9,2,1.4,25
3Rh3,3.4,400,300,0.9,2,1.4,25
1Sh3,1.3,200,100,1.2,2,1.4,25
2Sh3,1.8,200,100,1.2,2,1.4,25
3Sh3,3.4,200,100,1.2,2,1.4,25
1Th3,1.3,300,100,1.2,2,1.4,25
2Th3,1.8,300,100,1.2,2,1.4,25
3Th3,3.4,300,100,1.2,2,1.4,25
1Uh3,1.3,400,100,1.2,2,1.4,25
2Uh3,1.8,400,100,1.2,2,1.4,25
3Uh3,3.4,400,100,1.2,2,1.4,25
1Vh3,1.3,200,200,1.2,2,1.4,25
2Vh3,1.8,200,200,1.2,2,1.4,25
3Vh3,3.4,200,200,1.2,2,1.4,25
1Wh3,1.3,300,200,1.2,2,1.4,25
2Wh3,1.8,300,200,1.2,2,1.4,25
3Wh3,3.4,300,200,1.2,2,1.4,25
1Xh3,1.3,400,200,1.2,2,1.4,25
2Xh3,1.8,400,200,1.2,2,1.4,25
3Xh3,3.4,400,200,1.2,2,1.4,25
1Yh3,1.3,200,300,1.2,2,1.4,25
2Yh3,1.8,200,300,1.2,2,1.4,25
3Yh3,3.4,200,300,1.2,2,1.4,25
1Zh3,1.3,300,300,1.2,2,1.4,25
2Zh3,1.8,300,300,1.2,2,1.4,25
3Zh3,3.4,300,300,1.2,2,1.4,25
1AAh3,1.3,400,300,1.2,2,1.4,25
2AAh3,1.8,400,300,1.2,2,1.4,25
3AAh3,3.4,400,300,1.2,2,1.4,25
1Ai3,1.3,200,100,0.665,3,1.4,25
2Ai3,1.8,200,100,0.665,3,1.4,25
3Ai3,3.4,200,100,0.665,3,1.4,25
1Bi3,1.3,300,100,0.665,3,1.4,25
2Bi3,1.8,300,100,0.665,3,1.4,25
3Bi3,3.4,300,100,0.665,3,1.4,25
1Ci3,1.3,400,100,0.665,3,1.4,25
2Ci3,1.8,400,100,0.665,3,1.4,25
3Ci3,3.4,400,100,0.665,3,1.4,25
1Di3,1.3,200,200,0.665,3,1.4,25
2Di3,1.8,200,200,0.665,3,1.4,25
3Di3,3.4,200,200,0.665,3,1.4,25
1Ei3,1.3,300,200,0.665,3,1.4,25
2Ei3,1.8,300,200,0.665,3,1.4,25
3Ei3,3.4,300,200,0.665,3,1.4,25
1Fi3,1.3,400,200,0.665,3,1.4,25
2Fi3,1.8,400,200,0.665,3,1.4,25
3Fi3,3.4,400,200,0.665,3,1.4,25
1Gi3,1.3,200,300,0.665,3,1.4,25
2Gi3,1.8,200,300,0.665,3,1.4,25
3Gi3,3.4,200,300,0.665,3,1.4,25
1Hi3,1.3,300,300,0.665,3,1.4,25
2Hi3,1.8,300,300,0.665,3,1.4,25
3Hi3,3.4,300,300,0.665,3,1.4,25
1Ii3,1.3,400,300,0.665,3,1.4,25
2Ii3,1.8,400,300,0.665,3,1.4,25
3Ii3,3.4,400,300,0.665,3,1.4,25
1Ji3,1.3,200,100,0.9,3,1.4,25
2Ji3,1.8,200,100,0.9,3,1.4,25
3Ji3,3.4,200,100,0.9,3,1.4,25
1Ki3,1.3,300,100,0.9,3,1.4,25
2Ki3,1.8,300,100,0.9,3,1.4,25
3Ki3,3.4,300,100,0.9,3,1.4,25
1Li3,1.3,400,100,0.9,3,1.4,25
2Li3,1.8,400,100,0.9,3,1.4,25
3Li3,3.4,400,100,0.9,3,1.4,25
1Mi3,1.3,200,200,0.9,3,1.4,25
2Mi3,1.8,200,200,0.9,3,1.4,25
3Mi3,3.4,200,200,0.9,3,1.4,25
1Ni3,1.3,300,200,0.9,3,1.4,25
2Ni3,1.8,300,200,0.9,3,1.4,25
3Ni3,3.4,300,200,0.9,3,1.4,25
1Oi3,1.3,400,200,0.9,3,1.4,25
2Oi3,1.8,400,200,0.9,3,1.4,25
3Oi3,3.4,400,200,0.9,3,1.4,25
1Pi3,1.3,200,300,0.9,3,1.4,25
2Pi3,1.8,200,300,0.9,3,1.4,25
3Pi3,3.4,200,300,0.9,3,1.4,25
1Qi3,1.3,300,300,0.9,3,1.4,25
2Qi3,1.8,300,300,0.9,3,1.4,25
3Qi3,3.4,300,300,0.9,3,1.4,25
1Ri3,1.3,400,300,0.9,3,1.4,25
2Ri3,1.8,400,300,0.9,3,1.4,25
3Ri3,3.4,400,300,0.9,3,1.4,25
1Si3,1.3,200,100,1.2,3,1.4,25
2Si3,1.8,200,100,1.2,3,1.4,25
3Si3,3.4,200,100,1.2,3,1.4,25
1Ti3,1.3,300,100,1.2,3,1.4,25
2Ti3,1.8,300,100,1.2,3,1.4,25
3Ti3,3.4,300,100,1.2,3,1.4,25
1Ui3,1.3,400,100,1.2,3,1.4,25
2Ui3,1.8,400,100,1.2,3,1.4,25
3Ui3,3.4,400,100,1.2,3,1.4,25
1Vi3,1.3,200,200,1.2,3,1.4,25
2Vi3,1.8,200,200,1.2,3,1.4,25
3Vi3,3.4,200,200,1.2,3,1.4,25
1Wi3,1.3,300,200,1.2,3,1.4,25
2Wi3,1.8,300,200,1.2,3,1.4,25
3Wi3,3.4,300,200,1.2,3,1.4,25
1Xi3,1.3,400,200,1.2,3,1.4,25
2Xi3,1.8,400,200,1.2,3,1.4,25
3Xi3,3.4,400,200,1.2,3,1.4,25
1Yi3,1.3,200,300,1.2,3,1.4,25
2Yi3,1.8,200,300,1.2,3,1.4,25
3Yi3,3.4,200,300,1.2,3,1.4,25
1Zi3,1.3,300,300,1.2,3,1.4,25
2Zi3,1.8,300,300,1.2,3,1.4,25
3Zi3,3.4,300,300,1.2,3,1.4,25
1AAi3,1.3,400,300,1.2,3,1.4,25
2AAi3,1.8,400,300,1.2,3,1.4,25
3AAi3,3.4,400,300,1.2,3,1.4,25
